Time (s),ECG (V),PPG_Red,PPG_IR
0.000000,0.109673,344.656247,261.880579
0.008000,0.141900,340.622459,259.486659
0.016000,0.161286,338.713611,256.699811
0.024000,0.241904,340.576635,256.448785
0.032000,0.277404,345.199009,262.557468
0.040000,0.209677,343.459900,262.034200
0.048000,0.164509,340.349275,261.597748
0.056000,0.293518,344.061007,259.613583
0.064000,0.325795,342.000503,264.703977
0.072000,0.322573,340.997252,262.762233
0.080000,0.354800,337.463301,267.424659
0.088000,0.509641,340.367444,257.704903
0.096000,0.190291,346.166929,263.990336
0.104000,0.264514,337.723187,256.441252
0.112000,0.290295,338.188749,261.369710
0.120000,0.167732,339.562818,258.089830
0.128000,0.148345,339.279369,264.222424
0.136000,0.238682,336.960487,258.872206
0.144000,0.358022,338.479249,258.478355
0.152000,0.154841,332.843506,264.150552
0.160000,0.390300,336.480611,266.597550
0.168000,0.358022,339.529531,260.931112
0.176000,0.554809,333.741936,259.724747
0.184000,0.303186,340.446707,258.106366
0.192000,0.761263,332.297602,262.985095
0.200000,1.451627,336.717360,259.891019
0.208000,1.887095,336.776473,264.513203
0.216000,1.193559,334.538778,260.161079
0.224000,0.351577,339.044377,256.948232
0.232000,0.216123,336.233311,259.812949
0.240000,0.296741,336.829417,263.517082
0.248000,0.454804,338.786906,261.504603
0.256000,0.509641,343.150418,261.896213
0.264000,0.396745,338.995658,254.051201
0.272000,0.770932,340.302172,258.858432
0.280000,0.635477,335.831833,261.424040
0.288000,0.812877,337.685608,262.026971
0.296000,0.912882,334.812752,267.322564
0.304000,0.790318,337.079831,261.228258
0.312000,1.064500,335.164399,261.107004
0.320000,1.048386,338.962914,263.829777
0.328000,1.309677,339.817999,260.779784
0.336000,1.490300,339.789581,265.947405
0.344000,1.219341,339.319700,264.273871
0.352000,1.648363,338.288175,265.845135
0.360000,1.461295,342.105166,261.292505
0.368000,1.435463,340.858623,267.482738
0.376000,1.648363,336.936111,265.899752
0.384000,1.490300,334.859498,262.554985
0.392000,1.606468,331.251011,265.257744
0.400000,1.899986,335.818889,264.048075
0.408000,1.741923,339.169128,257.298396
0.416000,1.683864,337.974676,266.800826
0.424000,1.690309,335.633885,261.003332
0.432000,1.677418,335.072553,263.992489
0.440000,1.706473,335.899915,266.674468
0.448000,1.548409,336.532009,264.594666
0.456000,1.503241,342.409889,264.471954
0.464000,1.587082,336.483325,265.026083
0.472000,1.580636,335.433433,262.704367
0.480000,1.564523,339.478547,262.253672
0.488000,1.554855,348.647568,260.625561
0.496000,1.683864,339.611603,266.590928
0.504000,1.699977,338.599056,263.767591
0.512000,1.770977,335.865162,264.550388
0.520000,1.806477,339.282237,260.803714
0.528000,1.803204,339.523206,263.559078
0.536000,1.674195,343.626630,266.331389
0.544000,2.106441,338.392640,259.856124
0.552000,1.809700,334.372684,272.807696
0.560000,1.899986,340.142882,264.649012
0.568000,2.235500,336.018257,266.334016
0.576000,2.012932,337.694131,272.126936
0.584000,2.177441,335.300346,261.855926
0.592000,2.103218,340.182827,264.775213
0.600000,2.274223,342.146701,265.069258
0.608000,2.183886,338.152722,261.852428
0.616000,2.203223,341.706854,264.069526
0.624000,2.190332,341.504742,265.991642
0.632000,2.035491,335.797247,260.459611
0.640000,1.977432,341.537646,265.491269
0.648000,1.980655,335.928576,265.226261
0.656000,2.041936,346.358328,263.145916
0.664000,1.899986,335.592347,264.055061
0.672000,2.029046,333.837894,266.342623
0.680000,1.903209,338.010154,263.463622
0.688000,2.038714,336.814223,260.813791
0.696000,1.729032,335.702215,264.913437
0.704000,1.806477,338.972364,265.273328
0.712000,1.612914,342.413325,261.774902
0.720000,1.480632,340.493997,261.052084
0.728000,1.425795,342.350975,255.024457
0.736000,1.403236,340.900780,261.467538
0.744000,1.490300,338.760408,261.382700
0.752000,1.254841,337.126823,258.472774
0.760000,1.341955,337.885208,253.547875
0.768000,1.148391,338.464400,260.883716
0.776000,1.290341,350.099113,260.612934
0.784000,1.141946,337.924338,262.204020
0.792000,1.290341,340.933212,262.514751
0.800000,1.180618,340.170771,266.101475
0.808000,1.658082,337.037702,257.495102
0.816000,2.500014,338.759016,259.078667
0.824000,2.303227,344.312263,259.644801
0.832000,1.425795,341.959708,258.195944
0.840000,0.896768,337.052456,265.688699
0.848000,0.987105,339.581627,262.104205
0.856000,1.109668,338.822823,263.932000
0.864000,0.951604,340.481428,259.561758
0.872000,1.029000,333.514679,253.609516
0.880000,0.787095,338.485111,264.819809
0.888000,0.829041,339.599062,258.372674
0.896000,0.996773,339.736279,261.335095
0.904000,0.974163,339.446354,263.778404
0.912000,0.987105,333.124589,257.956925
0.920000,1.087109,329.595283,263.896943
0.928000,1.012886,337.896437,265.216647
0.936000,0.961273,332.360808,260.451404
0.944000,1.100000,338.882593,260.078664
0.952000,1.109668,337.138707,257.930810
0.960000,1.032273,339.734832,260.900255
0.968000,1.012886,341.932345,260.661150
0.976000,1.132227,338.901344,261.637947
0.984000,1.203227,329.703414,260.246982
0.992000,1.119336,335.989581,261.299262
1.000000,1.058054,334.643286,262.645904
1.008000,1.064500,334.710547,256.477397
1.016000,1.029000,340.108976,260.884528
1.024000,1.012886,340.405832,262.424107
1.032000,0.961273,333.341219,256.376082
1.040000,1.029000,333.603375,262.492135
1.048000,0.935491,337.461049,263.626167
1.056000,0.851600,330.799499,261.375808
1.064000,0.877432,341.288412,258.737380
1.072000,0.870936,336.472651,255.707103
1.080000,0.725814,331.246942,262.392208
1.088000,0.735482,337.698400,261.590275
1.096000,0.829041,335.489680,258.855490
1.104000,0.838709,330.718871,266.358107
1.112000,0.719318,333.496800,267.598750
1.120000,0.764486,333.514416,262.498101
1.128000,0.729036,333.813709,268.015526
1.136000,0.877432,336.492364,262.860199
1.144000,0.696759,337.562709,262.517799
1.152000,0.841932,333.898801,263.450793
1.160000,0.690314,330.871952,263.688568
1.168000,0.909659,341.134937,262.067771
1.176000,0.819322,340.457530,263.757597
1.184000,0.677423,334.234382,258.285912
1.192000,0.709650,333.205454,262.233385
1.200000,0.867713,338.635452,263.251127
1.208000,0.793541,333.528781,267.018252
1.216000,0.735482,331.203781,266.564571
1.224000,0.796764,340.984814,265.171931
1.232000,0.829041,337.099495,263.608724
1.240000,0.799986,336.800872,260.968874
1.248000,0.867713,337.773677,264.556741
1.256000,0.774205,334.732545,261.460927
1.264000,0.806432,338.144670,269.868516
1.272000,0.819322,342.940722,259.281098
1.280000,0.764486,345.290389,261.302952
1.288000,0.870936,335.740450,259.925417
1.296000,0.867713,342.557423,266.839422
1.304000,0.941936,343.017290,264.740542
1.312000,1.022554,335.934480,268.352861
1.320000,0.906436,338.653545,262.340982
1.328000,0.929046,339.202538,267.420633
1.336000,0.741927,339.221414,264.225718
1.344000,0.770932,337.153381,269.753626
1.352000,0.645145,336.602907,266.686053
1.360000,0.612868,340.245864,269.123612
1.368000,0.722591,342.543049,263.182592
1.376000,0.725814,340.431300,261.771354
1.384000,0.690314,340.626440,269.163587
1.392000,0.780650,335.290095,260.905001
1.400000,0.651591,339.724297,262.243865
1.408000,0.796764,335.893370,262.422721
1.416000,0.780650,337.612904,260.477817
1.424000,0.738705,340.597971,263.157488
1.432000,0.870936,338.182129,266.377168
1.440000,1.329014,340.961935,267.438148
1.448000,1.961318,342.592384,263.762001
1.456000,1.954823,339.696382,265.870794
1.464000,1.009664,337.513147,262.978570
1.472000,0.577418,343.547490,261.584552
1.480000,0.545141,342.489499,261.394592
1.488000,0.580641,338.213035,267.021482
1.496000,0.638700,338.958373,261.914706
1.504000,0.587086,338.911606,261.765838
1.512000,0.696759,342.828836,257.729754
1.520000,0.480636,339.046720,260.667586
1.528000,0.638700,343.954769,262.440456
1.536000,0.741927,342.347455,257.169589
1.544000,0.790318,345.698531,260.025997
1.552000,0.774205,341.276729,261.722407
1.560000,0.793541,339.335989,262.373718
1.568000,0.867713,341.175626,255.617790
1.576000,1.100000,340.637379,262.020825
1.584000,0.819322,341.804828,262.396699
1.592000,0.987105,340.264544,260.334177
1.600000,0.835486,341.577986,264.471509
1.608000,0.948382,347.194127,260.976628
1.616000,0.948382,338.911950,257.623928
1.624000,1.070945,341.718648,263.135049
1.632000,1.064500,341.253115,263.943784
1.640000,1.100000,335.363571,261.634054
1.648000,1.106445,340.462507,262.135431
1.656000,1.135500,343.350190,259.191799
1.664000,1.193559,336.147486,262.554629
1.672000,1.061277,340.075627,259.472346
1.680000,1.048386,333.064140,264.510815
1.688000,0.996773,334.694023,264.461778
1.696000,1.009664,342.018466,260.768872
1.704000,0.961273,342.427759,261.057234
1.712000,1.064500,335.629833,259.302761
1.720000,0.903214,338.166658,264.356810
1.728000,1.074168,331.029900,259.974818
1.736000,0.938714,337.002085,260.735967
1.744000,1.019332,333.062275,259.207616
1.752000,1.070945,335.495981,255.679494
1.760000,1.100000,337.456735,259.523282
1.768000,1.022554,332.159229,261.274996
1.776000,1.190336,337.138638,260.600134
1.784000,1.058054,337.389830,260.891542
1.792000,0.987105,333.255682,256.049136
1.800000,1.090332,335.437496,257.077105
1.808000,1.090332,338.527539,260.601385
1.816000,1.012886,341.958489,264.239527
1.824000,1.083886,335.118515,264.436047
1.832000,1.145168,336.491963,267.683865
1.840000,0.899991,337.117288,261.985240
1.848000,0.977386,339.205520,258.925883
1.856000,0.912882,332.163189,262.158306
1.864000,0.883877,330.855232,264.141044
1.872000,0.945159,337.859793,267.265283
1.880000,0.945159,337.820183,262.825020
1.888000,0.980659,340.041726,262.852575
1.896000,0.896768,338.766788,266.197014
1.904000,0.883877,333.922365,263.510486
1.912000,0.864491,336.951982,261.270440
1.920000,1.003218,335.462802,266.859528
1.928000,0.987105,332.230314,263.758455
1.936000,0.996773,336.247848,263.359554
1.944000,1.138723,335.867339,265.308320
1.952000,1.038718,335.303185,262.354041
1.960000,1.064500,333.231381,262.826147
1.968000,1.080613,336.834397,265.294601
1.976000,1.148391,335.773770,259.395319
1.984000,1.070945,336.927434,264.422870
1.992000,0.909659,338.867393,266.544741
2.000000,0.974163,342.557564,263.318659
2.008000,0.880655,333.514060,260.979843
2.016000,0.870936,336.271806,263.286947
2.024000,0.922550,336.246778,259.626529
2.032000,1.012886,337.886229,261.523869
2.040000,0.877432,335.598475,270.380565
2.048000,1.109668,334.236766,266.752352
2.056000,1.048386,339.702003,267.859886
2.064000,1.170950,337.447324,257.972816
2.072000,1.077391,339.395458,260.447896
2.080000,1.419350,338.880073,263.981296
2.088000,2.096773,342.955332,261.532933
2.096000,2.277446,335.410069,264.214466
2.104000,1.638695,338.036095,263.195979
2.112000,0.903214,339.003797,262.337877
2.120000,0.999995,343.212872,265.422147
2.128000,1.048386,333.445102,270.304632
2.136000,0.722591,335.072759,264.173409
2.144000,0.841932,342.578157,265.255591
2.152000,0.974163,341.977841,263.043963
2.160000,0.816100,342.333506,264.703551
2.168000,0.887100,338.676878,268.661176
2.176000,0.906436,334.149326,266.333778
2.184000,0.941936,330.409981,269.816728
2.192000,0.964495,341.891532,264.997512
2.200000,1.064500,340.813901,263.210301
2.208000,0.990327,343.667169,267.176318
2.216000,1.190336,340.371579,264.009266
2.224000,0.951604,337.653928,267.333425
2.232000,1.051609,335.705342,267.040236
2.240000,0.941936,341.836783,262.659548
2.248000,1.138723,339.184225,259.976912
2.256000,1.122559,340.245659,266.428682
2.264000,1.270954,338.504892,259.934715
2.272000,1.087109,336.131158,260.753231
2.280000,1.222564,342.152526,263.604193
2.288000,1.538691,339.882710,261.378141
2.296000,1.316123,340.861713,260.354326
2.304000,1.348400,339.409997,263.574684
2.312000,1.229009,339.313911,262.070123
2.320000,1.332236,339.214460,261.153838
2.328000,1.132227,342.441910,263.872109
2.336000,1.270954,341.296145,259.465714
2.344000,1.241950,341.276946,262.587026
2.352000,1.293564,340.577209,263.929945
2.360000,1.251618,339.172236,257.956437
2.368000,0.951604,344.377506,260.007644
2.376000,0.912882,342.118683,263.953310
2.384000,0.719318,340.655817,259.658869
2.392000,0.880655,343.209323,261.350822
2.400000,1.193559,338.749892,263.233134
2.408000,1.151614,337.832881,262.078012
2.416000,0.938714,339.458058,260.410605
2.424000,0.835486,343.312360,260.958206
2.432000,0.887100,344.134701,259.533232
2.440000,0.854823,334.681205,262.336175
2.448000,0.964495,334.828240,263.403117
2.456000,0.916104,340.739910,252.770499
2.464000,0.829041,341.984873,265.631319
2.472000,0.709650,340.568445,260.335526
2.480000,0.893545,337.521262,259.779003
2.488000,0.990327,337.358449,258.019655
2.496000,0.848377,334.446022,259.935621
2.504000,0.958050,339.036601,258.941250
2.512000,0.893545,334.233224,261.433294
2.520000,0.893545,332.049405,260.345677
2.528000,0.877432,340.624917,264.379335
2.536000,0.867713,335.140342,262.289371
2.544000,0.883877,339.298242,256.427807
2.552000,1.080613,331.736058,260.034895
2.560000,0.929046,328.829054,261.669167
2.568000,1.112891,336.765812,262.935785
2.576000,1.103223,338.997633,256.920414
2.584000,0.974163,334.426561,263.655190
2.592000,0.987105,334.134386,260.551217
2.600000,0.961273,335.693149,258.100337
2.608000,0.867713,337.572458,258.822241
2.616000,0.803209,336.651438,260.438127
2.624000,0.796764,332.557222,266.632651
2.632000,0.896768,338.183263,264.213879
2.640000,0.841932,336.919481,262.755087
2.648000,1.022554,334.726161,262.094388
2.656000,0.977386,338.799963,260.946442
2.664000,0.987105,337.643492,261.136725
2.672000,0.822545,333.900766,259.127845
2.680000,0.793541,337.999507,269.689471
2.688000,1.096777,335.234017,264.904550
2.696000,1.674195,335.341967,263.138129
2.704000,2.271000,340.628226,264.164372
2.712000,1.932264,338.425099,263.682664
2.720000,1.054832,339.997308,263.575387
2.728000,0.729036,337.907986,268.049925
2.736000,0.564477,332.400172,263.932796
2.744000,0.645145,334.390278,263.142507
2.752000,0.838709,337.866626,257.985971
2.760000,0.874159,335.109560,259.403485
2.768000,0.867713,335.657928,262.154797
2.776000,0.799986,339.676340,263.994725
2.784000,0.861268,334.781556,263.485954
2.792000,0.993550,335.279118,260.611801
2.800000,0.867713,340.780279,264.712217
2.808000,0.922550,334.662099,262.102682
2.816000,1.048386,337.070097,265.175239
2.824000,1.032273,342.475330,260.184234
2.832000,1.051609,332.174563,265.348184
2.840000,0.893545,341.130724,255.741407
2.848000,1.087109,339.021238,265.443422
2.856000,1.103223,339.369511,262.160963
2.864000,1.151614,337.334954,267.088754
2.872000,1.116114,338.542038,267.719840
2.880000,1.045164,338.572804,261.197882
2.888000,1.116114,343.136208,264.118271
2.896000,0.967718,340.325088,266.746484
2.904000,1.122559,338.854691,269.940762
2.912000,1.016109,340.862514,261.707479
2.920000,1.119336,338.591445,265.782016
2.928000,0.967718,338.134303,268.782170
2.936000,1.009664,339.794774,264.956543
2.944000,0.948382,338.645319,262.593966
2.952000,0.922550,338.633482,265.477614
2.960000,0.745150,339.401205,267.432260
2.968000,0.716095,337.407144,266.411537
2.976000,0.790318,341.550617,267.383534
2.984000,0.783873,341.822017,267.730186
2.992000,0.729036,340.393631,258.663607
3.000000,1.038718,335.795884,265.091974
3.008000,0.816100,345.050019,265.016188
3.016000,0.906436,342.151942,267.436636
3.024000,0.999995,339.498502,264.061715
3.032000,0.864491,338.885494,262.955069
3.040000,0.874159,339.850865,261.150592
3.048000,0.903214,341.714051,264.032353
3.056000,1.045164,341.005484,260.533695
3.064000,0.864491,342.216408,260.412698
3.072000,0.825818,346.676481,257.094848
3.080000,0.890323,338.530291,261.991236
3.088000,0.909659,346.093859,263.880650
3.096000,0.941936,336.979672,262.109541
3.104000,0.841932,340.089081,260.878621
3.112000,0.816100,339.896116,260.628815
3.120000,0.822545,337.018231,260.832096
3.128000,0.883877,342.966313,266.697228
3.136000,0.751595,336.189478,255.425739
3.144000,0.893545,340.623758,268.564507
3.152000,0.838709,345.003653,261.763232
3.160000,0.896768,338.707743,260.020388
3.168000,0.880655,344.341526,256.429746
3.176000,0.999995,340.883774,258.781798
3.184000,0.874159,331.172188,258.403120
3.192000,0.961273,337.642135,259.208191
3.200000,1.141946,346.470206,264.910689
3.208000,0.990327,333.982732,260.679261
3.216000,0.890323,340.540174,263.273504
3.224000,0.987105,338.284576,262.425952
3.232000,0.893545,337.059739,262.854896
3.240000,0.883877,342.068253,265.127718
3.248000,0.761263,340.904877,263.336369
3.256000,0.816100,334.007203,261.903186
3.264000,0.890323,336.121195,260.062040
3.272000,1.054832,336.678311,262.698764
3.280000,0.903214,335.617772,259.052675
3.288000,1.074168,337.433876,258.014612
3.296000,0.983882,336.693268,256.592160
3.304000,0.983882,327.873090,258.103467
3.312000,1.358068,340.792179,262.215463
3.320000,1.932264,333.994338,264.577007
3.328000,2.319341,335.163477,261.288138
3.336000,1.477409,338.608876,263.004131
3.344000,0.999995,338.670711,259.544245
3.352000,0.719318,339.291102,261.429782
3.360000,0.790318,333.860190,264.315912
3.368000,0.758041,330.379348,262.998096
3.376000,0.670977,334.382220,264.060623
3.384000,0.780650,335.497131,263.510712
3.392000,0.912882,338.268112,264.524819
3.400000,0.903214,335.672093,260.608630
3.408000,0.751595,337.667630,263.503091
3.416000,0.783873,334.788993,262.322468
3.424000,0.935491,340.233170,263.805908
3.432000,0.858045,334.957012,263.519183
3.440000,0.896768,335.650602,260.288498
3.448000,0.993550,335.053805,261.974414
3.456000,0.909659,335.302637,261.129824
3.464000,0.935491,336.825838,263.374579
3.472000,1.106445,338.327063,265.491991
3.480000,1.148391,333.927363,260.614754
3.488000,1.161282,336.423686,265.337490
3.496000,1.164504,333.070728,266.912210
3.504000,1.180618,332.496150,265.011948
3.512000,0.983882,336.210633,262.502712
3.520000,1.161282,331.122012,266.556845
3.528000,1.038718,334.681792,259.620070
3.536000,1.058054,336.433775,262.496725
3.544000,1.106445,336.981335,264.276762
3.552000,0.999995,336.190022,266.273536
3.560000,0.880655,334.752380,261.612834
3.568000,0.838709,337.669886,264.862957
3.576000,0.954827,337.063589,258.571418
3.584000,0.909659,338.530726,267.384133
3.592000,0.954827,335.080773,263.137700
3.600000,0.825818,336.283336,271.316857
3.608000,0.883877,341.031289,265.930769
3.616000,0.896768,338.859677,263.826397
3.624000,0.870936,336.408438,256.746042
3.632000,0.970941,339.200274,267.555344
3.640000,1.083886,336.336957,258.595344
3.648000,1.019332,340.492313,268.090760
3.656000,0.980659,337.962922,261.638054
3.664000,0.932268,336.823364,267.126163
3.672000,1.135500,339.084563,260.994268
3.680000,0.922550,336.341944,264.635252
3.688000,0.961273,336.850847,266.356997
3.696000,0.916104,342.444914,267.210475
3.704000,0.874159,340.612925,262.914948
3.712000,0.835486,344.300971,266.755474
3.720000,0.922550,335.013612,264.032940
3.728000,0.999995,338.163523,260.834198
3.736000,0.958050,339.614058,266.099011
3.744000,1.070945,337.904476,265.685341
3.752000,1.025777,337.089777,264.027102
3.760000,1.041941,338.905694,264.026984
3.768000,0.996773,340.312629,263.392779
3.776000,0.877432,341.893456,262.378604
3.784000,1.051609,336.983800,261.058160
3.792000,1.161282,340.853848,262.975866
3.800000,0.987105,340.644556,264.637740
3.808000,1.122559,342.083305,262.517420
3.816000,1.080613,341.381339,261.363535
3.824000,1.151614,340.995244,260.754688
3.832000,1.125782,340.300997,262.421783
3.840000,1.241950,338.382595,261.074095
3.848000,1.148391,340.266724,268.210099
3.856000,1.080613,342.954203,259.335801
3.864000,1.051609,343.378845,256.180517
3.872000,0.935491,340.651346,264.430802
3.880000,0.916104,338.318830,260.850948
3.888000,0.996773,345.152369,258.666673
3.896000,1.048386,343.173311,261.949528
3.904000,0.909659,338.922480,262.824185
3.912000,0.954827,344.055136,260.750333
3.920000,0.951604,345.566603,260.736156
3.928000,0.967718,340.879674,258.828442
3.936000,0.912882,339.284986,259.417004
3.944000,0.887100,341.859296,263.927780
3.952000,1.438686,343.718723,256.258491
3.960000,1.903209,337.016876,260.321754
3.968000,2.258059,335.667295,260.471880
3.976000,1.590304,334.893587,266.378247
3.984000,0.958050,345.456459,261.559056
3.992000,0.735482,337.261292,264.164496
4.000000,0.838709,333.929908,256.737698
4.008000,0.709650,337.483409,260.732600
4.016000,0.825818,332.272670,262.672766
4.024000,0.870936,339.009329,259.348001
4.032000,0.764486,339.583370,261.994480
4.040000,0.812877,335.670658,255.979158
4.048000,0.948382,338.344835,257.940148
4.056000,0.877432,337.173737,263.961613
4.064000,0.929046,336.649156,256.587394
4.072000,0.961273,333.059725,256.024208
4.080000,0.958050,336.374162,261.818735
4.088000,1.125782,335.971614,261.382651
4.096000,0.961273,336.214568,259.244185
4.104000,1.174173,332.695594,261.926552
4.112000,1.119336,335.482336,262.742645
4.120000,1.193559,335.427514,258.681245
4.128000,1.235454,334.457057,255.125489
4.136000,1.161282,337.050079,262.874118
4.144000,1.187114,338.676144,257.014425
4.152000,1.158059,332.261028,258.412219
4.160000,1.280623,338.460839,264.157369
4.168000,1.064500,334.535176,262.960455
4.176000,1.109668,335.076943,262.444195
4.184000,1.061277,339.529690,261.556560
4.192000,1.054832,338.386617,259.211495
4.200000,0.996773,338.996091,260.988462
4.208000,0.954827,341.853574,266.657417
4.216000,1.100000,332.126435,267.837180
4.224000,0.999995,338.061933,265.016482
4.232000,0.893545,336.338175,263.045568
4.240000,0.896768,337.828816,265.334618
4.248000,0.938714,340.040826,261.428608
4.256000,1.032273,337.560402,265.396423
4.264000,0.954827,329.569949,263.755903
4.272000,0.922550,331.152911,260.384819
4.280000,0.951604,336.262975,263.869380
4.288000,0.964495,340.955755,255.903084
4.296000,1.035496,338.231979,264.075942
4.304000,0.909659,336.917919,253.548939
4.312000,0.958050,334.299437,262.037770
4.320000,1.012886,339.602972,267.409471
4.328000,0.983882,338.782182,260.708478
4.336000,0.874159,335.933760,260.667249
4.344000,0.945159,338.928835,263.335416
4.352000,0.974163,342.350983,266.191632
4.360000,0.958050,337.040009,259.282340
4.368000,0.890323,338.761303,262.691040
4.376000,0.980659,337.196072,265.132246
4.384000,0.996773,337.988038,264.180758
4.392000,0.922550,336.085351,263.993365
4.400000,0.848377,335.903454,270.567925
4.408000,1.067723,338.014038,268.667963
4.416000,0.903214,332.887872,262.212836
4.424000,0.896768,338.649222,265.112521
4.432000,0.970941,343.084627,261.270322
4.440000,0.964495,339.593844,266.389608
4.448000,0.999995,339.525284,263.993413
4.456000,1.077391,337.242494,262.694367
4.464000,1.100000,339.917293,266.354353
4.472000,0.983882,336.489060,262.917013
4.480000,1.048386,341.041409,266.038823
4.488000,1.032273,336.531809,266.655862
4.496000,0.877432,339.240372,263.433789
4.504000,1.012886,338.068522,265.825542
4.512000,1.006441,336.886551,267.152380
4.520000,0.945159,338.821276,263.392108
4.528000,0.896768,341.044267,262.356405
4.536000,0.961273,338.506899,262.060131
4.544000,1.019332,340.392358,259.906847
4.552000,0.880655,340.767636,262.685541
4.560000,0.974163,340.421870,270.250739
4.568000,0.925772,340.837021,262.296458
4.576000,1.180618,341.177072,264.464940
4.584000,1.854818,337.985632,260.595276
4.592000,2.445177,335.693283,263.341453
4.600000,1.790314,336.099159,267.652722
4.608000,0.906436,340.336738,266.692173
4.616000,0.754818,339.926722,259.340753
4.624000,0.748373,339.275327,264.844905
4.632000,0.809654,346.416828,264.507798
4.640000,0.748373,332.502269,263.002426
4.648000,0.777427,339.683486,262.211351
4.656000,0.838709,340.564238,257.367773
4.664000,0.858045,339.591988,258.986665
4.672000,0.887100,343.375604,262.022160
4.680000,0.854823,344.638808,264.468170
4.688000,0.970941,336.052584,260.448336
4.696000,0.777427,342.667710,262.547388
4.704000,0.954827,340.270429,262.364001
4.712000,0.967718,341.363861,257.809164
4.720000,0.899991,338.963250,261.573681
4.728000,0.980659,333.511588,264.406664
4.736000,1.022554,338.135704,260.292171
4.744000,1.058054,338.176062,264.014317
4.752000,1.090332,340.459807,264.187082
4.760000,1.070945,340.657905,260.155893
4.768000,1.096777,333.962337,265.082719
4.776000,1.103223,336.738708,258.237271
4.784000,1.148391,333.063695,260.402118
4.792000,1.054832,332.882948,263.676884
4.800000,1.035496,337.175789,260.601601
4.808000,1.116114,337.683825,260.394153
4.816000,1.058054,335.191015,263.060329
4.824000,1.090332,333.445993,263.479477
4.832000,0.864491,333.633010,258.663538
4.840000,0.945159,337.068693,260.404407
4.848000,0.838709,337.526586,252.921752
4.856000,0.806432,337.661380,257.881922
4.864000,0.870936,336.547846,255.154940
4.872000,0.909659,331.616658,261.635480
4.880000,0.832264,338.332925,260.332142
4.888000,0.841932,339.354927,261.517342
4.896000,0.880655,338.467350,254.613020
4.904000,1.106445,331.175689,260.554917
4.912000,0.793541,335.221138,258.862721
4.920000,0.877432,335.159804,261.340002
4.928000,0.845154,335.094561,267.943734
4.936000,1.022554,337.792248,264.420443
4.944000,0.854823,341.886329,258.973826
4.952000,0.909659,340.249927,264.859857
4.960000,0.838709,327.097869,259.931120
4.968000,0.967718,337.850305,262.847401
4.976000,0.738705,334.176435,259.536103
4.984000,0.867713,337.520451,255.578106
4.992000,0.790318,337.926773,261.139753
5.000000,0.893545,333.388697,266.584905
5.008000,0.764486,337.434435,265.707398
5.016000,0.880655,332.683110,263.860227
5.024000,0.945159,332.419584,261.810705
5.032000,0.877432,337.746968,263.687291
5.040000,0.867713,335.538189,264.287542
5.048000,1.051609,339.615583,260.958136
5.056000,0.954827,333.532559,267.296352
5.064000,0.970941,336.813910,261.382391
5.072000,0.961273,331.850076,261.502478
5.080000,0.929046,336.640658,261.846141
5.088000,1.083886,343.082298,259.181010
5.096000,0.967718,336.570871,262.848741
5.104000,0.870936,335.867535,262.449385
5.112000,0.845154,334.612818,261.296054
5.120000,0.883877,335.717351,266.955956
5.128000,0.961273,338.501100,263.490323
5.136000,0.961273,334.445217,261.211125
5.144000,0.893545,338.940728,260.118397
5.152000,0.990327,338.582000,261.452487
5.160000,0.945159,333.019527,265.104235
5.168000,1.032273,337.973890,265.602540
5.176000,0.970941,337.474771,262.906819
5.184000,1.358068,338.661740,258.004677
5.192000,2.070991,339.842150,264.929162
5.200000,2.354841,334.497363,269.839570
5.208000,1.503241,339.495126,270.457209
5.216000,0.925772,342.904468,263.052382
5.224000,0.712873,345.302439,261.803777
5.232000,0.712873,338.457497,268.671808
5.240000,0.835486,335.864047,264.536738
5.248000,0.787095,337.419493,266.272614
5.256000,0.838709,336.363590,261.973245
5.264000,0.877432,335.912199,270.596124
5.272000,0.990327,340.469218,264.050223
5.280000,0.719318,343.842027,263.735422
5.288000,0.941936,340.681213,265.129032
5.296000,1.054832,335.541222,265.931066
5.304000,1.074168,334.147980,266.117905
5.312000,0.948382,342.287392,266.802315
5.320000,1.129004,334.831854,258.819780
5.328000,1.151614,336.583513,264.518364
5.336000,1.012886,334.765007,264.808120
5.344000,1.061277,334.865278,261.810696
5.352000,1.009664,342.723219,265.697306
5.360000,1.109668,342.731722,261.373078
5.368000,1.329014,340.039728,264.007140
5.376000,1.132227,339.608246,262.861268
5.384000,1.209673,339.678434,265.799452
5.392000,1.135500,338.896058,259.648335
5.400000,1.164504,341.048390,264.835380
5.408000,1.048386,343.091897,254.381533
5.416000,1.164504,344.716638,260.625011
5.424000,0.929046,347.388742,259.883148
5.432000,1.012886,338.780283,262.134726
5.440000,1.051609,341.516337,259.961347
5.448000,0.867713,336.532709,261.313155
5.456000,1.029000,343.929772,261.379718
5.464000,0.909659,339.371936,263.241178
5.472000,0.777427,338.736593,260.940003
5.480000,0.983882,335.308509,258.856469
5.488000,0.816100,337.343449,261.453156
5.496000,0.993550,338.192666,261.513256
5.504000,0.932268,342.969796,266.290682
5.512000,0.961273,340.512172,255.181826
5.520000,1.054832,340.568562,262.682447
5.528000,0.964495,336.553299,267.430480
5.536000,1.093555,341.855682,262.069142
5.544000,1.058054,336.890387,260.646558
5.552000,1.038718,341.663786,262.060524
5.560000,1.083886,333.519706,260.509379
5.568000,0.990327,338.605095,259.623770
5.576000,0.970941,340.963853,258.504783
5.584000,0.925772,337.335917,259.150254
5.592000,1.022554,336.703909,262.263978
5.600000,0.890323,336.545929,261.533845
5.608000,0.948382,335.146531,259.458663
5.616000,1.016109,337.009915,259.995501
5.624000,1.145168,330.504740,260.921352
5.632000,1.012886,331.351650,261.829739
5.640000,0.958050,336.216391,256.805466
5.648000,0.958050,333.975376,257.847381
5.656000,1.093555,334.915134,257.795859
5.664000,1.048386,343.345976,257.621874
5.672000,0.987105,333.324277,260.890427
5.680000,1.087109,336.939773,262.096246
5.688000,0.961273,338.207146,258.938313
5.696000,0.964495,335.405491,264.343228
5.704000,1.106445,335.607284,264.353547
5.712000,0.864491,338.879982,257.869661
5.720000,0.854823,340.184181,258.653624
5.728000,0.877432,338.872486,261.576904
5.736000,0.874159,335.605301,261.912124
5.744000,1.032273,339.161131,255.512942
5.752000,0.945159,335.937405,266.621482
5.760000,0.999995,335.290162,260.863450
5.768000,0.945159,339.310526,257.666129
5.776000,1.012886,338.275015,263.594599
5.784000,0.980659,337.863340,265.657216
5.792000,1.106445,333.730025,261.923055
5.800000,1.658082,336.487969,263.297875
5.808000,2.241946,331.731698,262.219233
5.816000,1.919373,331.877875,262.887497
5.824000,1.112891,330.207008,266.079854
5.832000,0.632255,334.729363,267.776696
5.840000,0.887100,332.248435,268.501996
5.848000,0.522582,338.829821,266.892337
5.856000,0.674200,333.505470,261.827485
5.864000,0.796764,338.121352,266.319860
5.872000,0.754818,338.894636,256.753226
5.880000,0.751595,336.405127,262.511272
5.888000,0.816100,336.415004,259.868152
5.896000,0.748373,333.210364,265.005277
5.904000,0.925772,333.439714,266.686499
5.912000,0.841932,338.075271,264.147060
5.920000,0.941936,343.581512,264.820846
5.928000,0.964495,335.531156,267.288036
5.936000,1.074168,334.391344,268.347504
5.944000,0.948382,336.972984,267.301517
5.952000,1.041941,337.095320,264.018980
5.960000,1.038718,336.940875,263.026434
5.968000,1.048386,338.720916,265.040808
5.976000,1.109668,338.178261,265.728665
5.984000,1.141946,337.241987,267.002705
5.992000,1.267732,344.439995,266.689864
6.000000,1.109668,342.664526,261.163252
6.008000,1.025777,339.301422,261.081666
6.016000,1.241950,339.427380,266.989415
6.024000,1.045164,333.788093,264.439114
6.032000,1.074168,338.500338,261.368496
6.040000,0.970941,342.882730,266.509943
6.048000,0.958050,338.110917,262.918520
6.056000,1.035496,338.177813,262.516880
6.064000,0.793541,339.496085,266.193396
6.072000,0.893545,336.783104,265.091833
6.080000,1.029000,340.028735,262.857733
6.088000,0.903214,332.264895,265.011568
6.096000,0.980659,339.522162,262.241937
6.104000,1.064500,336.236520,267.090782
6.112000,0.838709,339.136284,266.086438
6.120000,0.906436,339.174908,267.948522
6.128000,1.203227,334.982466,262.183498
6.136000,0.922550,336.575225,265.605772
6.144000,0.916104,337.764797,263.227053
6.152000,1.003218,342.677391,264.036712
6.160000,1.074168,337.049428,260.859065
6.168000,0.970941,339.846098,258.607519
6.176000,0.919327,339.443853,265.341678
6.184000,1.087109,338.075897,262.110849
6.192000,1.058054,338.543840,267.538083
6.200000,0.935491,339.913804,264.979713
6.208000,0.987105,342.676838,262.687664
6.216000,0.938714,338.702931,261.239270
6.224000,0.993550,346.798197,257.102689
6.232000,1.029000,336.319290,254.527253
6.240000,0.977386,341.494503,262.624044
6.248000,0.890323,341.662655,256.610045
6.256000,1.077391,341.813669,258.598230
6.264000,1.022554,339.476730,261.605731
6.272000,1.003218,340.836717,257.705344
6.280000,1.054832,337.235466,259.988951
6.288000,1.238727,339.512900,263.612926
6.296000,1.190336,338.665837,260.680777
6.304000,1.132227,338.554857,260.295274
6.312000,0.951604,342.395882,258.515503
6.320000,1.045164,336.583917,261.309162
6.328000,1.025777,338.780225,258.946474
6.336000,0.961273,337.372729,261.318623
6.344000,1.016109,339.758665,258.609803
6.352000,1.009664,339.225569,259.339504
6.360000,0.883877,336.165666,259.653836
6.368000,0.916104,340.054664,261.377758
6.376000,1.038718,333.820879,261.658704
6.384000,1.058054,331.482817,261.494539
6.392000,0.922550,336.302029,263.629655
6.400000,0.987105,339.105927,258.093462
6.408000,1.409682,342.552629,257.463512
6.416000,1.896764,336.399843,262.683947
6.424000,2.303227,335.921975,261.517892
6.432000,1.777423,339.865874,259.067115
6.440000,0.999995,341.606761,261.391063
6.448000,0.764486,332.579863,259.816669
6.456000,0.890323,336.519946,258.571133
6.464000,0.880655,334.133645,260.873591
6.472000,0.758041,337.085992,262.728478
6.480000,1.019332,332.847953,259.630795
6.488000,1.003218,340.021067,260.377410
6.496000,0.977386,337.818926,257.980515
6.504000,1.106445,329.347005,262.284141
6.512000,1.212895,335.235665,261.546287
6.520000,1.083886,339.543379,263.444564
6.528000,0.883877,334.145575,262.356641
6.536000,1.306455,334.994197,263.072154
6.544000,1.112891,336.988045,258.243525
6.552000,1.154836,338.648458,262.787380
6.560000,1.274177,337.367149,265.861824
6.568000,1.293564,342.217149,260.061522
6.576000,1.354846,331.200543,263.094079
6.584000,1.316123,331.765481,264.939968
6.592000,1.361291,336.044852,264.923705
6.600000,1.270954,337.406903,261.547204
6.608000,1.367736,332.708040,268.196125
6.616000,1.245173,335.180546,260.942004
6.624000,1.270954,341.289165,262.993171
6.632000,1.270954,336.768803,262.743884
6.640000,1.245173,338.300860,263.996634
6.648000,1.403236,335.527063,265.760715
6.656000,1.100000,337.460546,262.299989
6.664000,1.264509,338.917123,266.204484
6.672000,1.158059,336.980221,260.491060
6.680000,1.067723,338.618682,261.132242
6.688000,1.029000,337.016708,263.381811
6.696000,0.841932,335.870552,258.925571
6.704000,1.016109,338.100843,267.275282
6.712000,1.109668,334.448004,259.866703
6.720000,0.993550,336.103378,266.830496
6.728000,1.080613,339.788390,264.351578
6.736000,1.070945,335.803143,263.744493
6.744000,0.996773,333.872851,257.980963
6.752000,1.035496,341.925203,263.628512
6.760000,0.967718,333.740919,266.061229
6.768000,1.016109,341.036265,262.670363
6.776000,1.122559,340.328325,266.336832
6.784000,1.129004,343.237179,263.380603
6.792000,1.048386,342.309459,263.726380
6.800000,1.090332,340.168950,264.215380
6.808000,0.883877,337.742745,262.841028
6.816000,1.067723,344.067314,266.951456
6.824000,0.987105,334.321932,264.376051
6.832000,0.993550,332.990018,261.361342
6.840000,0.948382,337.333732,266.930578
6.848000,0.958050,338.553711,265.990752
6.856000,1.012886,331.993946,264.624986
6.864000,0.880655,335.652874,262.593416
6.872000,0.945159,339.258428,268.907182
6.880000,0.945159,338.961086,263.076113
6.888000,0.983882,333.253716,267.753989
6.896000,1.129004,341.322414,264.179376
6.904000,0.993550,341.100915,265.843238
6.912000,0.829041,334.857440,264.092255
6.920000,0.880655,334.973083,262.957103
6.928000,0.922550,339.913812,265.449022
6.936000,0.841932,337.147197,260.608098
6.944000,0.870936,336.671924,260.847196
6.952000,0.912882,338.637052,266.084852
6.960000,1.058054,339.202938,265.079216
6.968000,0.812877,340.414253,260.523450
6.976000,0.932268,342.483680,268.074737
6.984000,0.854823,342.440212,257.231014
6.992000,0.919327,342.717579,251.765158
7.000000,0.877432,336.809783,262.162142
7.008000,1.038718,341.588247,265.227370
7.016000,1.567745,342.327824,264.802337
7.024000,2.151609,333.703956,262.558657
7.032000,2.051604,337.440140,261.903456
7.040000,0.809654,339.616284,265.228991
7.048000,0.609645,342.860897,260.263122
7.056000,0.570973,337.191794,262.462868
7.064000,0.477414,339.115070,264.764815
7.072000,0.551586,343.764840,258.078794
7.080000,0.570973,342.456066,257.961110
7.088000,0.606423,336.994308,261.480516
7.096000,0.641923,336.127193,262.568732
7.104000,0.635477,339.101921,261.191020
7.112000,0.625809,341.868282,255.097706
7.120000,0.616091,337.350494,263.160916
7.128000,0.735482,342.576280,262.729606
7.136000,0.745150,337.733826,263.698453
7.144000,0.722591,340.900579,262.831564
7.152000,0.829041,340.287885,263.664683
7.160000,0.577418,335.968934,260.375506
7.168000,0.832264,332.622249,261.863317
7.176000,0.812877,341.959918,255.641587
7.184000,0.809654,339.633705,256.857882
7.192000,0.845154,336.313087,261.666427
7.200000,0.851600,331.623104,262.856482
7.208000,0.854823,338.580541,258.926638
7.216000,0.906436,334.249347,256.000639
7.224000,0.964495,337.177891,260.808079
7.232000,0.825818,337.152025,258.197021
7.240000,0.896768,337.257144,257.035036
7.248000,0.680645,335.315053,261.580973
7.256000,0.722591,334.436947,262.499870
7.264000,0.625809,332.978215,261.873138
7.272000,0.551586,333.116251,262.158381
7.280000,0.606423,336.296168,263.665276
7.288000,0.645145,338.892585,259.425511
7.296000,0.590309,338.027003,260.248912
7.304000,0.658036,334.678295,265.600049
7.312000,0.712873,333.022907,262.198202
7.320000,0.670977,333.515173,262.041688
7.328000,0.567750,335.216671,264.545784
7.336000,0.709650,336.630592,262.997002
7.344000,0.835486,333.873192,263.646259
7.352000,0.777427,333.565924,264.370876
7.360000,0.767709,336.722565,266.431532
7.368000,0.732259,334.522176,258.619523
7.376000,0.719318,337.982188,263.641852
7.384000,0.816100,333.734581,263.020680
7.392000,0.777427,334.520979,266.852068
7.400000,0.829041,332.133375,267.204754
7.408000,0.851600,333.686454,265.582742
7.416000,0.861268,334.492449,265.895708
7.424000,0.851600,336.859632,261.845491
7.432000,0.774205,330.436256,266.586927
7.440000,0.816100,331.082978,259.714262
7.448000,0.806432,337.564269,261.289409
7.456000,0.877432,335.800042,262.067111
7.464000,0.954827,336.102825,261.281275
7.472000,1.012886,342.950010,259.586602
7.480000,1.051609,334.045722,266.275770
7.488000,1.029000,334.475605,256.370176
7.496000,1.177395,335.939235,260.876445
7.504000,0.951604,340.523979,259.459552
7.512000,0.803209,338.483545,263.555734
7.520000,1.022554,339.283961,265.603141
7.528000,0.964495,339.768862,263.952312
7.536000,0.916104,336.636010,261.725151
7.544000,0.906436,337.010705,264.124908
7.552000,1.009664,342.064706,265.290372
7.560000,0.996773,339.388297,262.017263
7.568000,0.870936,344.330675,259.558066
7.576000,1.041941,338.925623,266.688354
7.584000,1.012886,343.997083,265.470929
7.592000,1.003218,333.350795,264.804932
7.600000,1.090332,344.125684,264.842967
7.608000,1.458073,339.236206,260.781532
7.616000,2.058050,342.345851,263.304111
7.624000,2.403232,334.365492,267.778747
7.632000,1.470964,340.425199,268.280181
7.640000,1.061277,339.474310,265.515650
7.648000,0.912882,337.353453,265.379880
7.656000,0.822545,335.084974,261.429579
7.664000,0.999995,343.970080,261.142094
7.672000,0.825818,337.984140,265.883860
7.680000,1.022554,337.088777,261.229434
7.688000,0.961273,335.506714,263.908533
7.696000,1.006441,336.107650,265.120154
7.704000,1.109668,341.373951,263.492486
7.712000,1.106445,343.060992,267.916320
7.720000,1.048386,338.142299,262.157437
7.728000,1.351623,334.868130,265.760778
7.736000,1.154836,338.816118,262.722355
7.744000,1.135500,343.744052,264.965643
7.752000,1.100000,340.576475,263.348148
7.760000,1.229009,341.197035,262.025115
7.768000,1.367736,338.592680,263.313791
7.776000,1.477409,337.746107,264.571882
7.784000,1.245173,343.481202,261.854279
7.792000,1.435463,337.744921,255.795861
7.800000,1.393568,343.879749,254.606459
7.808000,1.409682,339.232208,260.365898
7.816000,1.361291,337.637271,258.082631
7.824000,1.280623,341.777543,264.795845
7.832000,1.329014,340.810198,261.204077
7.840000,1.464518,339.324078,256.885115
7.848000,1.161282,338.951066,263.664760
7.856000,1.287068,338.883528,262.931742
7.864000,1.074168,338.924373,259.559592
7.872000,1.177395,333.793056,262.005524
7.880000,1.100000,338.375214,261.753217
7.888000,1.029000,340.914847,264.354173
7.896000,1.177395,336.942211,254.570886
7.904000,1.196782,335.401399,259.674873
7.912000,1.241950,332.848508,259.300469
7.920000,1.238727,334.593126,259.670735
7.928000,1.158059,338.731759,264.124709
7.936000,1.264509,341.805459,259.651201
7.944000,1.245173,340.816488,264.154709
7.952000,1.203227,336.754817,259.550246
7.960000,1.290341,331.907465,257.537083
7.968000,1.267732,328.664262,261.207295
7.976000,1.280623,337.362663,259.963119
7.984000,1.325791,334.966842,257.593070
7.992000,1.303232,337.238143,257.381045
8.000000,1.254841,341.752771,263.314154
8.008000,1.009664,336.506214,259.103869
8.016000,1.367736,339.499572,255.530562
8.024000,1.322568,339.015246,260.548872
8.032000,1.254841,338.830063,261.183012
8.040000,1.180618,339.662931,258.715612
8.048000,1.229009,335.404926,256.293667
8.056000,1.238727,333.465928,258.988633
8.064000,1.238727,336.352820,263.600014
8.072000,1.035496,342.011778,264.217261
8.080000,1.225786,337.480326,260.978247
8.088000,1.235454,336.417061,259.082570
8.096000,1.416127,341.519582,263.458397
8.104000,1.390295,332.909273,263.427283
8.112000,1.354846,336.075042,255.407286
8.120000,1.345177,339.596923,263.644204
8.128000,1.145168,336.311430,257.560524
8.136000,1.238727,335.836755,262.212708
8.144000,1.203227,337.313254,266.778025
8.152000,1.096777,344.501829,265.311912
8.160000,1.154836,337.510014,266.207975
8.168000,1.148391,333.788306,263.403643
8.176000,1.145168,331.133721,259.595886
8.184000,1.225786,337.306527,266.526528
8.192000,1.203227,334.575876,260.701569
8.200000,1.270954,338.382835,260.450459
8.208000,1.254841,334.534442,264.587902
8.216000,1.093555,338.373257,269.231122
8.224000,1.512909,339.546445,264.721693
8.232000,1.854818,337.115862,261.245871
8.240000,2.412900,338.726867,261.334117
8.248000,2.296782,341.039327,264.404235
8.256000,1.267732,334.650598,260.325410
8.264000,0.987105,335.809107,262.375441
8.272000,0.899991,336.014464,260.067341
8.280000,0.916104,332.976975,264.372583
8.288000,0.919327,340.846123,268.552034
8.296000,0.858045,340.153249,264.202428
8.304000,0.941936,335.205767,263.008771
8.312000,0.899991,338.037390,266.299528
8.320000,0.932268,335.996232,264.321974
8.328000,1.012886,340.623031,263.338847
8.336000,1.051609,334.377065,262.159370
8.344000,1.141946,339.305723,264.743767
8.352000,0.987105,339.634479,263.748840
8.360000,1.077391,338.523835,268.584655
8.368000,1.038718,346.073337,264.122611
8.376000,1.212895,342.334937,263.073501
8.384000,1.193559,336.245639,264.312344
8.392000,1.122559,337.747229,265.188769
8.400000,1.212895,339.897887,264.633180
8.408000,1.180618,333.793401,267.752584
8.416000,1.135500,340.019819,265.094287
8.424000,1.290341,342.464220,265.693478
8.432000,1.335459,345.863459,265.692990
8.440000,1.261286,334.582023,262.082669
8.448000,1.154836,339.199013,264.535101
8.456000,1.177395,340.323205,263.742808
8.464000,0.929046,342.821687,263.269912
8.472000,1.103223,338.720719,266.709257
8.480000,1.087109,341.508153,263.631594
8.488000,1.032273,338.349430,263.374989
8.496000,0.970941,334.318890,263.540950
8.504000,0.945159,337.203126,266.597789
8.512000,1.012886,342.453164,265.962710
8.520000,0.958050,341.998568,260.520740
8.528000,0.935491,343.111387,262.829846
8.536000,1.006441,344.106562,259.575824
8.544000,1.032273,340.870128,264.820387
8.552000,1.151614,341.176279,263.244716
8.560000,0.948382,341.484626,259.075207
8.568000,1.083886,334.947900,257.064150
8.576000,1.035496,345.688868,260.049378
8.584000,0.987105,339.618565,259.095319
8.592000,1.132227,339.671451,262.765803
8.600000,1.090332,337.162185,262.518905
8.608000,1.061277,343.114033,264.517758
8.616000,1.087109,339.825408,260.273756
8.624000,0.870936,341.836324,257.679886
8.632000,0.948382,336.459989,263.620802
8.640000,1.074168,335.302770,257.643459
8.648000,0.935491,337.069640,260.735932
8.656000,1.112891,338.267217,262.034828
8.664000,1.054832,338.792287,253.798949
8.672000,1.093555,339.025542,259.710828
8.680000,1.019332,335.596404,261.812215
8.688000,0.822545,338.036106,258.147829
8.696000,1.012886,336.402568,264.411319
8.704000,0.987105,340.234602,262.697392
8.712000,1.025777,341.087765,256.978900
8.720000,0.980659,336.970480,261.057534
8.728000,1.077391,339.320721,259.280533
8.736000,1.016109,334.590938,259.927211
8.744000,1.109668,335.364531,263.627968
8.752000,1.093555,338.573599,260.086946
8.760000,1.135500,336.971892,261.224525
8.768000,1.032273,338.243865,261.784657
8.776000,1.109668,335.839886,262.368471
8.784000,0.970941,336.543954,258.662977
8.792000,0.896768,333.708407,262.514838
8.800000,0.945159,329.619144,259.843230
8.808000,0.903214,337.495646,259.399455
8.816000,0.983882,335.501727,266.183748
8.824000,1.041941,332.915056,264.172293
8.832000,0.961273,335.154646,260.033162
8.840000,1.058054,338.707386,260.593374
8.848000,0.935491,332.415616,258.939590
8.856000,1.077391,335.784726,258.498514
8.864000,0.780650,335.007888,257.262438
8.872000,1.064500,333.500374,266.972286
8.880000,1.451627,328.594178,265.966947
8.888000,2.090327,334.938345,268.308769
8.896000,2.209668,342.536039,259.818351
8.904000,1.403236,336.171982,261.528158
8.912000,0.983882,338.870827,267.289224
8.920000,0.590309,336.294474,260.722594
8.928000,0.764486,337.247486,266.176316
8.936000,0.741927,336.070813,262.483241
8.944000,0.745150,334.150110,260.358562
8.952000,0.780650,336.127029,258.817255
8.960000,0.754818,335.162407,266.198498
8.968000,0.806432,338.991553,266.631299
8.976000,0.854823,335.237608,258.784700
8.984000,0.861268,337.322100,265.452943
8.992000,0.887100,336.319471,258.281060
9.000000,0.983882,331.901863,261.176166
9.008000,0.919327,335.740165,265.212025
9.016000,1.022554,336.176066,262.059277
9.024000,0.970941,334.648884,265.812452
9.032000,1.025777,335.460554,265.789412
9.040000,0.961273,338.042101,261.837437
9.048000,1.077391,335.876616,259.705585
9.056000,0.970941,335.571629,270.656083
9.064000,1.151614,336.513894,267.043220
9.072000,1.109668,335.437933,264.265014
9.080000,1.145168,339.320559,261.648848
9.088000,1.116114,338.145123,258.683905
9.096000,1.206450,340.832138,260.176032
9.104000,0.993550,342.645264,261.159743
9.112000,1.025777,339.298630,263.848783
9.120000,1.006441,338.941674,266.602143
9.128000,0.880655,335.542980,264.640167
9.136000,0.941936,339.978823,260.993190
9.144000,0.806432,342.001522,267.909437
9.152000,0.832264,342.352903,263.080882
9.160000,0.835486,336.447219,266.446462
9.168000,0.774205,338.016031,269.788640
9.176000,0.819322,334.097780,260.434551
9.184000,0.745150,334.392488,265.119122
9.192000,0.867713,335.511044,264.660884
9.200000,0.938714,337.501454,265.977889
9.208000,0.858045,336.908511,265.507356
9.216000,0.958050,340.292177,263.452112
9.224000,0.774205,336.185702,267.977052
9.232000,0.725814,341.126146,264.990125
9.240000,0.903214,341.236652,256.631198
9.248000,0.909659,336.062059,263.661497
9.256000,0.993550,340.039869,259.303003
9.264000,0.961273,341.716500,266.390292
9.272000,1.016109,340.542357,266.650471
9.280000,0.919327,339.261472,259.659406
9.288000,0.993550,339.265021,265.396521
9.296000,0.945159,342.021141,266.591739
9.304000,0.912882,346.481132,263.871584
9.312000,0.922550,339.528372,262.064521
9.320000,0.954827,339.611301,262.113938
9.328000,1.038718,341.648966,260.093628
9.336000,0.916104,333.818303,262.218891
9.344000,1.009664,336.194370,261.848558
9.352000,0.909659,343.944060,263.260268
9.360000,0.854823,339.878726,261.128674
9.368000,0.996773,341.749636,256.589810
9.376000,0.987105,334.923748,256.760657
9.384000,0.932268,345.302770,264.714602
9.392000,1.048386,333.750439,260.202732
9.400000,0.961273,339.947868,260.595867
9.408000,0.961273,344.888885,263.360035
9.416000,0.925772,338.111103,258.487333
9.424000,0.974163,333.393712,259.265044
9.432000,1.045164,339.387718,258.804962
9.440000,1.051609,333.503466,261.256798
9.448000,0.877432,333.064033,259.031619
9.456000,0.974163,336.900730,266.366210
9.464000,0.951604,344.172090,253.864681
9.472000,0.906436,340.570988,261.051131
9.480000,0.919327,336.305585,260.946613
9.488000,0.845154,337.258459,264.483387
9.496000,0.874159,337.314862,260.367363
9.504000,0.954827,332.019832,263.786186
9.512000,1.058054,335.193249,258.698572
9.520000,1.077391,334.416664,259.815122
9.528000,0.916104,332.340040,266.216458
9.536000,0.838709,332.815552,260.588791
9.544000,1.306455,339.239214,266.515794
9.552000,1.861314,331.179140,257.371889
9.560000,2.338727,338.478638,256.490393
9.568000,1.696754,333.194280,261.482231
9.576000,0.883877,343.221299,260.930606
9.584000,0.670977,330.807563,264.559137
9.592000,0.693536,338.273824,254.276069
9.600000,0.729036,339.004424,256.351788
9.608000,0.925772,331.743226,257.312784
9.616000,0.796764,338.753098,254.425540
9.624000,0.806432,340.312938,261.760020
9.632000,0.735482,340.643985,264.066019
9.640000,0.935491,333.071384,260.575474
9.648000,0.806432,334.690173,257.409579
9.656000,0.887100,335.798604,260.649886
9.664000,0.945159,339.393457,259.651991
9.672000,0.912882,339.101396,261.421707
9.680000,0.996773,339.474568,262.387583
9.688000,1.193559,333.292965,256.367311
9.696000,1.025777,334.082364,269.958036
9.704000,1.025777,339.099406,264.791682
9.712000,1.132227,336.301134,260.041194
9.720000,1.032273,333.355874,261.105390
9.728000,1.041941,332.138741,264.615496
9.736000,1.103223,334.272989,262.546252
9.744000,1.012886,340.385896,264.064477
9.752000,1.029000,333.090635,263.251492
9.760000,1.187114,334.515993,260.474405
9.768000,1.032273,337.584782,263.089207
9.776000,1.061277,329.698454,263.951596
9.784000,0.945159,333.999586,258.440094
9.792000,0.887100,335.110775,261.267121
9.800000,0.899991,335.395522,259.656308
9.808000,0.929046,340.313370,262.441414
9.816000,0.874159,342.194476,262.429655
9.824000,0.738705,335.707597,259.476589
9.832000,0.806432,335.580294,259.717149
9.840000,0.880655,340.241696,261.566679
9.848000,0.880655,339.580631,258.721810
9.856000,0.832264,340.761667,263.039184
9.864000,1.070945,343.652628,266.258419
9.872000,0.987105,336.782945,261.610432
9.880000,0.899991,339.122080,263.979619
9.888000,0.993550,341.523449,265.101861
9.896000,0.970941,337.911884,270.245939
9.904000,0.909659,341.684922,263.077647
9.912000,1.048386,335.291978,267.831535
9.920000,0.996773,339.942781,263.225073
9.928000,1.006441,336.856901,270.872058
9.936000,1.038718,341.473608,265.180399
9.944000,1.009664,342.772261,266.593564
9.952000,0.893545,337.362102,265.746586
9.960000,1.038718,340.067217,262.672851
9.968000,0.970941,340.280149,267.055557
9.976000,0.722591,332.941600,263.458388
9.984000,0.990327,332.828781,264.294138
9.992000,0.858045,347.044497,266.279296
10.000000,0.977386,338.968290,260.773736
10.008000,0.919327,339.124692,261.881363
10.016000,0.938714,343.103298,260.535625
10.024000,0.932268,339.784335,262.557104
10.032000,1.067723,339.598544,265.911277
10.040000,1.016109,343.753188,263.286437
10.048000,0.919327,332.465305,263.312047
10.056000,1.074168,338.825084,265.779800
10.064000,0.899991,334.310795,264.337681
10.072000,1.129004,337.038469,259.757446
10.080000,1.074168,336.061282,265.878930
10.088000,0.961273,340.540571,262.516949
10.096000,1.116114,339.146466,258.280705
10.104000,0.977386,344.781305,264.940047
10.112000,0.929046,340.744062,262.134458
10.120000,0.812877,341.361871,260.803070
10.128000,0.909659,339.375998,259.546313
10.136000,0.919327,337.283374,262.878988
10.144000,0.996773,344.231613,260.269415
10.152000,0.835486,340.673650,259.799127
10.160000,1.051609,343.342492,263.007838
10.168000,0.906436,343.484897,257.375789
10.176000,1.064500,339.271792,261.911654
10.184000,0.980659,339.976218,261.320783
10.192000,1.348400,342.282137,265.082969
10.200000,1.941932,345.618943,257.053288
10.208000,2.271000,340.471664,260.330815
10.216000,1.548409,338.216421,260.511437
10.224000,0.890323,334.566659,261.844837
10.232000,0.741927,337.114330,264.077920
10.240000,0.632255,340.849815,264.078642
10.248000,0.880655,340.495632,258.125050
10.256000,0.690314,343.970513,265.750622
10.264000,0.722591,333.712498,261.413061
10.272000,0.925772,341.304029,257.540895
10.280000,0.864491,343.002465,260.646317
10.288000,0.819322,333.625072,257.688761
10.296000,0.909659,337.489509,261.554667
10.304000,0.945159,332.904211,261.192834
10.312000,1.012886,334.173609,264.490605
10.320000,0.874159,336.383008,261.517227
10.328000,1.025777,338.013368,264.222460
10.336000,0.980659,337.439601,262.790360
10.344000,1.070945,338.437161,260.367566
10.352000,1.203227,335.573984,257.474508
10.360000,1.038718,336.111019,257.031990
10.368000,1.135500,334.435289,262.728414
10.376000,1.170950,338.486716,259.727476
10.384000,1.125782,338.510752,258.562222
10.392000,1.241950,339.895692,256.674942
10.400000,1.138723,337.208457,264.288184
10.408000,1.164504,336.869253,263.271116
10.416000,1.190336,340.240552,265.854949
10.424000,1.025777,341.392552,258.801944
10.432000,1.074168,340.783349,262.675818
10.440000,0.929046,334.687271,264.078702
10.448000,0.809654,335.068851,264.401193
10.456000,0.945159,334.332022,266.634505
10.464000,0.899991,338.762176,264.561936
10.472000,0.816100,331.689407,263.267370
10.480000,0.706427,331.849224,259.155600
10.488000,0.912882,334.352974,262.858049
10.496000,0.951604,333.921757,256.080392
10.504000,0.790318,335.837154,267.024705
10.512000,0.880655,338.261259,265.120708
10.520000,0.929046,335.215967,262.305672
10.528000,0.880655,332.353349,268.052719
10.536000,1.051609,330.113139,267.200587
10.544000,0.890323,331.671031,270.536574
10.552000,0.974163,338.162415,263.626447
10.560000,0.890323,335.174637,259.701241
10.568000,0.987105,337.306394,264.751809
10.576000,1.035496,338.239748,264.340878
10.584000,0.919327,342.503227,262.987061
10.592000,0.945159,344.680695,259.935089
10.600000,1.029000,337.252508,257.574252
10.608000,0.967718,334.484999,260.848808
10.616000,0.951604,345.126803,260.193601
10.624000,0.964495,339.997464,263.362781
10.632000,0.961273,334.265395,265.145487
10.640000,0.919327,340.116641,264.773640
10.648000,1.003218,339.516839,258.556713
10.656000,1.109668,338.235464,262.932561
10.664000,0.912882,337.796968,268.310584
10.672000,0.867713,339.055611,262.496511
10.680000,0.780650,335.308112,263.112744
10.688000,0.932268,340.513881,268.100884
10.696000,1.093555,335.166786,264.251381
10.704000,0.867713,335.494984,263.461973
10.712000,1.048386,340.155118,264.451509
10.720000,0.961273,339.183230,264.118951
10.728000,1.103223,343.349060,267.716191
10.736000,0.967718,341.844257,258.930227
10.744000,0.954827,337.573273,262.508021
10.752000,0.954827,341.164795,264.029970
10.760000,1.074168,334.944184,263.270704
10.768000,1.116114,338.139719,264.515487
10.776000,1.119336,336.130245,262.716382
10.784000,1.061277,331.077074,259.935942
10.792000,0.854823,339.869926,266.019296
10.800000,0.954827,337.777074,265.207721
10.808000,1.067723,341.750441,265.539810
10.816000,1.090332,338.754347,264.989087
10.824000,1.103223,335.072412,265.394010
10.832000,1.135500,341.622636,260.703030
10.840000,1.041941,344.742599,260.616750
10.848000,1.200005,339.953505,263.637602
10.856000,1.087109,339.201086,263.470133
10.864000,0.867713,337.801416,261.256626
10.872000,1.216118,334.303636,264.287634
10.880000,1.796759,339.441042,264.341614
10.888000,2.470959,341.875656,262.860566
10.896000,1.816146,338.741312,262.103741
10.904000,1.109668,344.866996,259.534735
10.912000,0.703204,336.168566,260.925558
10.920000,0.719318,340.281863,267.258312
10.928000,0.693536,347.232057,266.069447
10.936000,0.674200,346.153133,252.299151
10.944000,0.738705,339.365825,259.378165
10.952000,0.745150,339.544239,260.407120
10.960000,0.712873,339.927406,265.069751
10.968000,0.725814,340.660004,261.104510
10.976000,0.880655,337.212116,264.522453
10.984000,0.916104,339.927734,261.632923
10.992000,0.906436,336.190113,262.624459
11.000000,1.077391,337.603535,262.427882
11.008000,1.170950,338.005955,262.220957
11.016000,0.922550,337.366345,259.312390
11.024000,0.990327,339.502666,261.215257
11.032000,1.112891,341.374576,260.897278
11.040000,1.003218,340.667467,265.345877
11.048000,0.951604,337.709044,264.545088
11.056000,1.119336,338.379420,258.993624
11.064000,1.129004,340.739185,263.698887
11.072000,0.974163,339.165419,259.226649
11.080000,1.093555,333.127794,258.914940
11.088000,1.080613,337.792019,262.479251
11.096000,1.125782,333.116865,258.557991
11.104000,1.087109,332.744853,259.285015
11.112000,0.993550,336.571765,264.890744
11.120000,0.864491,334.311750,259.608614
11.128000,0.925772,334.820161,261.933049
11.136000,0.812877,331.710361,260.017676
11.144000,0.738705,333.497455,255.928077
11.152000,0.596754,333.091930,261.560779
11.160000,0.812877,338.702045,259.216879
11.168000,0.851600,337.739899,254.617878
11.176000,0.812877,330.384185,258.018527
11.184000,0.751595,340.174464,257.802230
11.192000,0.835486,339.838138,262.633652
11.200000,0.687091,340.799696,260.161115
11.208000,0.880655,336.330307,255.728100
11.216000,0.883877,334.450806,262.129285
11.224000,0.870936,341.018061,261.595936
11.232000,0.858045,336.925802,261.051027
11.240000,0.925772,331.498379,264.028214
11.248000,1.038718,340.416732,261.046707
11.256000,0.945159,334.793974,260.397694
11.264000,1.022554,333.784473,262.025086
11.272000,0.867713,333.761274,260.829344
11.280000,0.838709,338.568040,260.290414
11.288000,1.070945,333.912488,259.948423
11.296000,0.893545,337.287264,265.726737
11.304000,0.996773,337.141264,262.490339
11.312000,1.080613,339.846470,262.887299
11.320000,1.035496,335.674290,265.596711
11.328000,0.970941,330.954413,262.488191
11.336000,1.070945,332.895920,261.007936
11.344000,0.748373,334.207413,261.371212
11.352000,1.119336,336.922023,258.651302
11.360000,1.096777,336.401526,265.700105
11.368000,0.887100,336.268734,261.111372
11.376000,1.019332,338.715615,264.858923
11.384000,1.054832,334.020647,262.885442
11.392000,0.980659,339.476725,265.746017
11.400000,0.996773,334.661237,262.075441
11.408000,1.267732,337.337989,261.478090
11.416000,1.129004,342.950248,257.586810
11.424000,1.087109,337.864244,266.395557
11.432000,1.116114,335.814705,264.482581
11.440000,1.141946,335.531855,265.911718
11.448000,1.119336,336.817321,263.585310
11.456000,1.219341,344.925899,260.247023
11.464000,1.283845,344.300381,262.497954
11.472000,1.100000,335.932081,266.299902
11.480000,0.945159,331.131019,262.350338
11.488000,1.087109,336.758837,267.311945
11.496000,0.935491,334.014421,263.551034
11.504000,0.974163,336.407905,264.185238
11.512000,0.935491,342.568690,267.212784
11.520000,0.999995,341.412295,269.787827
11.528000,1.067723,341.762105,261.733009
11.536000,0.993550,339.855296,269.299361
11.544000,1.012886,337.863645,265.595052
11.552000,1.170950,334.465802,258.257043
11.560000,0.916104,336.167919,263.058223
11.568000,1.100000,337.933789,261.624554
11.576000,1.351623,337.152819,266.963057
11.584000,1.925818,334.112303,267.943415
11.592000,2.338727,340.658621,262.137425
11.600000,1.570968,343.543105,265.394687
11.608000,1.112891,336.071931,265.863726
11.616000,0.748373,335.075929,258.914059
11.624000,0.822545,337.824256,261.897169
11.632000,0.770932,339.407672,262.154424
11.640000,0.880655,341.153259,257.742677
11.648000,0.925772,340.532581,263.564530
11.656000,0.912882,336.493361,258.844945
11.664000,0.870936,343.920799,264.914159
11.672000,0.890323,337.470294,260.743703
11.680000,0.958050,336.891503,264.137935
11.688000,0.993550,340.922073,264.215707
11.696000,1.019332,337.741581,261.575885
11.704000,0.893545,342.315261,256.178392
11.712000,1.141946,340.085349,263.015598
11.720000,1.045164,338.562228,258.976410
11.728000,1.154836,341.922860,264.466651
11.736000,1.074168,341.091974,257.021038
11.744000,1.258064,341.432646,264.662324
11.752000,1.122559,342.769648,259.080570
11.760000,1.361291,336.999191,267.180572
11.768000,1.145168,340.401164,258.246510
11.776000,1.203227,338.807975,260.294388
11.784000,1.167727,342.120374,256.461810
11.792000,1.309677,338.936633,263.897613
11.800000,1.180618,340.516738,265.385151
11.808000,1.193559,335.687602,260.114021
11.816000,1.141946,332.516209,258.949474
11.824000,1.064500,340.684386,262.093772
11.832000,0.983882,336.364525,260.168562
11.840000,1.009664,344.279230,259.746134
11.848000,1.019332,334.411993,262.062673
11.856000,1.054832,334.521001,261.564246
11.864000,0.890323,337.997213,261.295373
11.872000,1.151614,336.712093,261.356611
11.880000,1.116114,334.751416,261.553020
11.888000,1.009664,341.344281,260.363036
11.896000,1.012886,340.177256,261.939699
11.904000,0.993550,336.108113,261.673280
11.912000,1.029000,336.502516,263.146597
11.920000,1.151614,335.010348,264.455032
11.928000,1.058054,332.871155,260.121533
11.936000,1.067723,334.365075,256.874350
11.944000,1.090332,334.811941,253.236807
11.952000,1.177395,334.494852,261.010559
11.960000,1.212895,337.878846,259.698253
11.968000,1.116114,338.025180,263.156546
11.976000,1.203227,333.648972,261.626415
11.984000,1.229009,335.677682,261.413339
11.992000,1.116114,334.409895,257.989970
12.000000,1.280623,335.147675,259.269742
12.008000,1.251618,336.088867,263.756974
12.016000,1.290341,335.780709,255.174611
12.024000,1.251618,337.630458,259.053646
12.032000,1.035496,337.537212,264.786482
12.040000,1.083886,337.067322,262.812555
12.048000,1.122559,333.127376,260.363756
12.056000,1.038718,332.432140,261.178824
12.064000,1.161282,341.102854,257.467103
12.072000,1.064500,343.184822,262.951157
12.080000,1.209673,336.685728,258.595868
12.088000,1.070945,334.135592,266.863039
12.096000,1.145168,333.651556,266.035316
12.104000,1.058054,334.445019,264.133563
12.112000,0.935491,338.607960,259.922552
12.120000,1.106445,338.579972,261.267356
12.128000,1.048386,341.029184,260.677012
12.136000,1.161282,333.651279,260.898973
12.144000,0.980659,333.488672,264.982850
12.152000,1.074168,333.539152,267.021274
12.160000,0.935491,337.840955,265.060537
12.168000,0.945159,332.584734,262.036797
12.176000,0.974163,338.746737,263.624940
12.184000,0.845154,338.531633,261.867663
12.192000,0.919327,336.424894,265.627972
12.200000,0.903214,342.040780,263.536096
12.208000,0.867713,338.842543,260.883589
12.216000,0.845154,334.481090,263.065559
12.224000,0.967718,338.755034,268.250020
12.232000,0.922550,342.192180,267.350292
12.240000,0.809654,338.575942,261.025155
12.248000,0.954827,338.759622,263.851670
12.256000,1.416127,345.012384,263.577344
12.264000,1.977432,341.086047,263.661958
12.272000,2.138718,335.137466,263.717441
12.280000,1.251618,337.133817,262.794608
12.288000,0.825818,341.240768,265.823823
12.296000,0.738705,337.768080,264.642936
12.304000,0.703204,340.306179,263.684194
12.312000,0.683868,339.218336,262.768482
12.320000,0.699982,338.936374,268.886143
12.328000,0.664482,335.481710,267.527105
12.336000,0.725814,342.179587,267.815247
12.344000,0.916104,336.505740,263.812572
12.352000,0.951604,333.087597,263.709892
12.360000,0.974163,340.531420,257.832930
12.368000,0.825818,338.429736,267.495987
12.376000,0.987105,334.609425,261.099530
12.384000,0.916104,338.208980,265.240548
12.392000,1.058054,341.563434,268.437823
12.400000,1.058054,339.019853,264.765125
12.408000,0.903214,341.043958,265.156566
12.416000,1.141946,337.019515,269.778027
12.424000,1.148391,338.305601,259.378367
12.432000,1.122559,340.380250,262.774737
12.440000,1.141946,340.048804,263.878175
12.448000,1.161282,341.867145,261.167703
12.456000,1.261286,342.725813,263.987187
12.464000,1.177395,343.155114,259.455709
12.472000,1.225786,341.918352,261.790851
12.480000,1.109668,336.773458,264.797068
12.488000,1.132227,334.415397,260.961914
12.496000,1.122559,343.955341,260.548306
12.504000,1.090332,336.898044,256.318451
12.512000,1.138723,338.794004,258.606996
12.520000,1.248396,337.720514,260.788637
12.528000,1.109668,337.562748,262.207674
12.536000,1.109668,340.707720,261.521792
12.544000,1.080613,341.350075,257.352946
12.552000,1.270954,337.375359,262.912625
12.560000,1.254841,338.694357,262.839828
12.568000,1.290341,337.835155,261.603265
12.576000,1.200005,339.052809,259.871090
12.584000,1.158059,343.056726,263.763924
12.592000,1.145168,339.410011,262.344105
12.600000,1.135500,336.020812,261.700971
12.608000,1.170950,342.023297,267.715208
12.616000,1.200005,332.971331,258.333718
12.624000,1.025777,332.074950,256.669593
12.632000,1.187114,337.245918,266.670800
12.640000,1.190336,338.994195,256.384556
12.648000,1.245173,341.027489,254.673269
12.656000,1.277400,331.985888,259.750128
12.664000,1.206450,336.299665,258.468560
12.672000,1.270954,335.068483,258.640875
12.680000,1.338682,331.786915,260.762460
12.688000,1.300009,334.302717,258.938276
12.696000,1.161282,338.434158,257.778611
12.704000,1.312900,340.050080,263.018521
12.712000,1.212895,338.241204,263.137290
12.720000,1.103223,336.004255,258.819038
12.728000,1.293564,334.064232,261.851128
12.736000,1.161282,335.742846,259.632006
12.744000,1.196782,336.577224,260.172846
12.752000,1.229009,338.578614,258.431788
12.760000,1.193559,339.317640,257.279557
12.768000,1.048386,335.494712,259.678318
12.776000,1.209673,334.672693,261.272417
12.784000,1.409682,334.801230,259.636412
12.792000,1.074168,336.068623,263.805720
12.800000,0.996773,335.930686,257.534928
12.808000,0.445136,339.689464,260.686138
12.816000,0.229014,337.347332,258.458776
12.824000,0.509641,337.290605,265.980193
12.832000,0.545141,337.262500,261.122132
12.840000,0.235459,336.688521,259.242492
12.848000,0.099954,339.775223,260.309723
12.856000,0.103227,338.093686,265.210950
12.864000,0.135454,334.151539,266.136270
12.872000,0.009668,338.991288,261.193018
12.880000,0.000000,339.191132,267.164996
12.888000,0.029004,339.628170,258.437809
12.896000,0.509641,330.335166,263.681322
12.904000,1.109668,331.578240,262.829260
12.912000,1.425795,339.042097,262.652552
12.920000,0.277404,336.973998,267.985185
12.928000,0.054836,338.268376,261.651778
12.936000,0.003223,338.004937,255.218308
12.944000,0.003223,339.030411,267.060587
12.952000,0.000000,335.389009,261.753339
12.960000,0.038672,342.604628,261.325444
12.968000,0.009668,334.489902,260.973620
12.976000,0.306409,335.755963,260.979751
12.984000,0.364518,340.670219,261.231171
12.992000,0.332241,340.565557,261.288337
13.000000,0.454804,335.919071,267.749526
13.008000,0.587086,336.494048,265.921290
13.016000,0.554809,337.908574,262.787287
13.024000,0.574195,342.348603,268.108754
13.032000,0.548363,341.015514,266.519836
13.040000,0.587086,334.552301,264.261519
13.048000,0.696759,341.914759,261.094734
13.056000,0.732259,338.902427,265.119256
13.064000,0.758041,335.750559,264.165514
13.072000,0.890323,337.134785,266.913715
13.080000,0.899991,339.960681,261.345380
13.088000,0.938714,335.723911,267.672517
13.096000,1.103223,337.488049,266.471949
13.104000,0.909659,335.964774,267.549932
13.112000,0.912882,330.112844,262.875035
13.120000,0.880655,337.372962,267.578277
13.128000,1.003218,335.319421,262.080647
13.136000,0.899991,341.846048,257.538693
13.144000,0.922550,339.977192,266.243180
13.152000,0.803209,341.279839,261.313053
13.160000,0.987105,337.236990,262.556407
13.168000,0.738705,340.056371,265.677934
13.176000,0.835486,340.309775,265.798730
13.184000,0.870936,341.025918,257.198633
13.192000,0.816100,337.354645,262.368181
13.200000,0.996773,336.572990,264.647151
13.208000,0.954827,337.283006,262.304777
13.216000,0.999995,337.111328,265.686890
13.224000,0.870936,341.626922,264.178186
13.232000,0.903214,345.587186,262.200342
13.240000,1.032273,342.608960,263.973605
13.248000,1.096777,339.379361,260.642061
13.256000,1.080613,341.632674,259.931505
13.264000,1.174173,341.711331,260.354928
13.272000,1.035496,342.704431,257.210041
13.280000,1.148391,343.009443,259.405652
13.288000,1.109668,345.170510,257.042577
13.296000,1.116114,338.528819,258.039263
13.304000,1.170950,342.268729,261.776692
13.312000,1.090332,339.870337,263.478949
13.320000,1.222564,340.496651,261.459463
13.328000,1.090332,339.163247,264.765869
13.336000,1.141946,340.734501,257.814242
13.344000,1.125782,331.759460,262.526727
13.352000,1.229009,338.580910,262.449870
13.360000,1.161282,336.584150,261.983096
13.368000,1.293564,339.889045,258.840101
13.376000,1.132227,343.584556,258.049181
13.384000,1.145168,340.971820,265.584573
13.392000,1.170950,338.874103,265.803960
13.400000,1.245173,338.361730,267.275022
13.408000,1.254841,335.775618,265.152835
13.416000,1.238727,337.442266,262.470554
13.424000,1.290341,335.661416,257.230916
13.432000,1.325791,335.808844,260.701912
13.440000,1.222564,335.216478,262.306345
13.448000,1.322568,340.924078,259.797441
13.456000,1.122559,335.403056,260.350490
13.464000,1.222564,335.131807,254.013376
13.472000,1.125782,331.676187,264.836185
13.480000,1.151614,339.051165,260.324837
13.488000,1.058054,335.542806,259.827416
13.496000,1.025777,339.707124,261.254405
13.504000,1.280623,326.859818,262.445938
13.512000,1.180618,339.254252,257.880136
13.520000,1.064500,333.572474,261.100737
13.528000,1.125782,335.072841,260.765411
13.536000,1.167727,329.627213,260.192453
13.544000,1.058054,336.649914,261.179773
13.552000,1.470964,339.309026,260.375039
13.560000,2.054827,334.681448,259.975235
13.568000,2.587127,333.090458,263.107472
13.576000,1.667750,335.113491,258.966769
13.584000,1.022554,331.521411,264.539194
13.592000,0.929046,339.878081,262.116837
13.600000,1.019332,331.007119,265.218670
13.608000,0.961273,336.991968,262.327826
13.616000,0.848377,337.423354,258.176754
13.624000,0.958050,334.469572,264.630023
13.632000,0.964495,331.632888,264.953587
13.640000,0.906436,335.482443,262.750051
13.648000,1.167727,335.696339,264.233700
13.656000,0.929046,334.950060,269.156134
13.664000,1.164504,335.595255,263.986287
13.672000,1.080613,339.399054,260.947847
13.680000,1.109668,331.123186,266.770879
13.688000,1.183841,335.866908,268.805426
13.696000,1.174173,333.731492,262.227800
13.704000,1.138723,335.195693,265.528976
13.712000,1.219341,331.882466,259.513152
13.720000,1.174173,336.576208,265.086509
13.728000,1.145168,336.587626,263.798557
13.736000,1.261286,331.500246,262.318613
13.744000,1.322568,335.723012,262.329312
13.752000,1.309677,340.679441,261.241415
13.760000,1.354846,334.320809,262.659229
13.768000,1.377404,338.502650,265.000569
13.776000,1.264509,333.051786,266.469029
13.784000,1.306455,340.003521,259.605197
13.792000,1.087109,336.654908,263.587844
13.800000,1.003218,336.390325,264.817855
13.808000,0.958050,338.353064,259.772720
13.816000,1.038718,339.914223,262.748353
13.824000,1.019332,339.735769,265.335073
13.832000,0.835486,341.480228,265.048792
13.840000,0.874159,340.006431,264.239991
13.848000,1.038718,338.852628,268.360984
13.856000,0.996773,337.880299,262.245667
13.864000,1.087109,335.616062,267.122382
13.872000,1.019332,343.005660,263.453613
13.880000,0.990327,335.085814,268.041911
13.888000,1.119336,339.289518,267.993023
13.896000,1.048386,339.022703,264.969999
13.904000,0.983882,334.536597,263.148681
13.912000,1.125782,341.555950,268.745720
13.920000,1.096777,333.778009,261.092959
13.928000,0.974163,339.646783,264.808224
13.936000,1.109668,338.331047,262.251770
13.944000,1.035496,337.688018,261.211049
13.952000,1.064500,335.043593,260.427174
13.960000,1.103223,336.813483,265.439015
13.968000,0.996773,341.371641,264.352490
13.976000,1.009664,338.402395,261.819674
13.984000,1.116114,334.877753,260.215174
13.992000,0.922550,340.679148,265.456122
14.000000,1.054832,340.120421,266.547144
14.008000,1.067723,337.994129,264.735711
14.016000,1.074168,336.666488,269.794199
14.024000,0.987105,339.072419,265.791492
14.032000,1.025777,340.578277,262.673006
14.040000,0.980659,341.669869,264.704520
14.048000,1.093555,337.722936,258.045289
14.056000,1.141946,343.086730,265.619121
14.064000,1.041941,344.943780,260.004445
14.072000,1.045164,340.008216,257.775968
14.080000,1.183841,341.854678,260.161667
14.088000,1.022554,339.537285,263.308981
14.096000,1.122559,337.836173,263.733352
14.104000,1.300009,342.321533,264.056446
14.112000,1.190336,335.494499,258.810426
14.120000,1.025777,339.453188,257.873307
14.128000,1.132227,341.320913,261.073377
14.136000,1.051609,338.896069,265.072391
14.144000,0.990327,341.650487,265.098633
14.152000,0.970941,340.982934,257.678386
14.160000,1.012886,337.904040,261.172902
14.168000,1.080613,340.986353,264.035063
14.176000,1.087109,335.910401,265.328229
14.184000,1.025777,335.916641,260.992828
14.192000,0.964495,339.736126,262.121380
14.200000,0.999995,339.240238,262.457880
14.208000,0.935491,340.048249,256.915639
14.216000,1.161282,338.288194,262.523014
14.224000,1.825814,337.616798,261.804517
14.232000,2.235500,334.425361,263.357761
14.240000,2.009659,341.724086,261.239537
14.248000,1.041941,337.995495,258.872879
14.256000,0.825818,336.199956,254.625083
14.264000,0.883877,334.802562,262.835967
14.272000,0.841932,339.110683,257.458384
14.280000,0.858045,334.991352,259.021120
14.288000,0.838709,341.816977,258.788099
14.296000,0.790318,332.072244,261.106311
14.304000,0.970941,332.690232,259.156728
14.312000,0.970941,334.503348,262.644262
14.320000,0.906436,332.949242,259.880144
14.328000,1.148391,334.376007,261.837726
14.336000,1.170950,337.891863,264.274671
14.344000,1.170950,337.632051,260.736610
14.352000,0.951604,336.443984,260.388666
14.360000,1.054832,335.248594,261.068411
14.368000,1.119336,335.465842,262.367832
14.376000,1.125782,339.026273,262.312038
14.384000,1.064500,332.649694,261.661823
14.392000,1.170950,332.451552,263.792966
14.400000,1.100000,337.140968,264.168343
14.408000,1.351623,334.590924,259.612443
14.416000,1.254841,339.236365,269.577269
14.424000,1.193559,335.546357,261.523798
14.432000,1.312900,330.852860,264.385383
14.440000,1.151614,334.601673,259.734852
14.448000,1.112891,335.330175,261.713383
14.456000,0.987105,334.636261,267.406903
14.464000,1.141946,339.585923,263.208108
14.472000,1.070945,333.805049,266.656514
14.480000,0.906436,333.448905,266.838903
14.488000,0.945159,333.425588,264.274458
14.496000,1.051609,334.886644,256.364112
14.504000,0.935491,340.187929,263.802382
14.512000,1.045164,332.782680,267.585071
14.520000,0.945159,333.636466,262.951495
14.528000,0.951604,337.586022,261.623032
14.536000,0.829041,336.611681,265.696489
14.544000,1.106445,339.046217,259.998462
14.552000,0.999995,338.037615,267.160663
14.560000,0.906436,335.699496,266.018217
14.568000,1.012886,333.794145,269.592841
14.576000,1.074168,338.350643,266.433090
14.584000,0.945159,339.841933,261.203988
14.592000,0.987105,341.186424,260.090807
14.600000,1.087109,337.866779,265.386269
14.608000,0.954827,338.712967,265.070691
14.616000,0.954827,339.988552,265.098157
14.624000,0.874159,338.724791,266.780995
14.632000,0.948382,341.672613,267.462376
14.640000,0.903214,339.353228,265.796833
14.648000,0.929046,340.359757,266.408683
14.656000,1.074168,340.495762,261.512557
14.664000,0.961273,340.538986,259.396531
14.672000,0.835486,339.079296,263.497438
14.680000,1.019332,337.215624,262.399680
14.688000,0.945159,333.276564,265.376647
14.696000,0.941936,335.032937,268.066117
14.704000,0.948382,336.361784,262.003839
14.712000,0.832264,344.144359,259.956089
14.720000,1.016109,343.680551,262.439286
14.728000,1.103223,337.018699,264.548560
14.736000,1.038718,332.715207,264.470500
14.744000,1.106445,337.605022,263.783821
14.752000,0.993550,340.303746,265.105524
14.760000,0.983882,339.194069,262.531063
14.768000,0.954827,339.146756,261.189517
14.776000,0.961273,344.038690,263.451040
14.784000,0.848377,338.848776,267.164879
14.792000,0.909659,339.880652,268.401314
14.800000,0.699982,336.731551,254.597179
14.808000,0.806432,336.517822,266.565841
14.816000,0.941936,339.911392,264.437265
14.824000,0.858045,341.155710,256.475675
14.832000,0.987105,339.418094,257.773692
14.840000,0.951604,336.466466,261.929905
14.848000,1.032273,337.178167,258.882191
14.856000,0.996773,342.568136,261.232075
14.864000,1.116114,335.551195,260.530622
14.872000,1.596750,345.063232,258.251958
14.880000,2.254836,338.866593,261.488388
14.888000,2.216114,339.186192,263.203744
14.896000,1.161282,334.599787,255.569345
14.904000,0.793541,337.727500,261.009996
14.912000,0.735482,340.905284,260.906727
14.920000,0.806432,333.598591,260.287027
14.928000,0.712873,346.023397,262.966538
14.936000,0.806432,340.434504,262.148617
14.944000,0.754818,338.881878,258.313896
14.952000,0.909659,338.450943,264.948865
14.960000,0.912882,342.151228,257.759761
14.968000,0.748373,335.795692,262.363618
14.976000,0.864491,343.683390,265.477560
14.984000,0.935491,340.708027,259.384158
14.992000,0.954827,337.321409,260.673274
15.000000,0.919327,337.423890,255.233391
15.008000,0.974163,336.268141,263.041315
15.016000,0.919327,337.323738,262.768958
15.024000,1.167727,334.233894,263.574307
15.032000,1.006441,335.484098,258.376064
15.040000,1.012886,337.347718,261.448746
15.048000,1.229009,338.679652,262.537656
15.056000,1.135500,338.919347,262.506526
15.064000,1.203227,340.051536,252.706804
15.072000,1.132227,335.799425,260.357692
15.080000,1.219341,334.063580,256.761817
15.088000,1.135500,335.224647,261.208110
15.096000,1.138723,338.354446,260.318763
15.104000,0.932268,334.452121,266.534861
15.112000,1.038718,343.365780,259.693266
15.120000,0.922550,338.303346,260.902558
15.128000,0.877432,336.855804,258.096233
15.136000,0.864491,338.450348,263.709215
15.144000,0.880655,329.867369,262.562853
15.152000,0.819322,332.949886,260.939440
15.160000,0.919327,336.238381,262.754183
15.168000,0.899991,336.246719,262.171203
15.176000,0.893545,337.553725,258.825581
15.184000,0.990327,332.417427,266.616179
15.192000,0.999995,338.581680,260.524706
15.200000,0.964495,332.020359,259.933301
15.208000,1.077391,339.537094,259.450658
15.216000,1.151614,334.150164,261.194174
15.224000,1.061277,332.136394,262.382121
15.232000,1.070945,338.288115,264.932518
15.240000,1.025777,335.916952,262.478069
15.248000,1.125782,337.944749,259.741021
15.256000,1.087109,334.906818,268.392661
15.264000,1.132227,337.226654,265.550755
15.272000,1.051609,336.199330,266.580383
15.280000,1.090332,337.384798,265.109027
15.288000,1.058054,339.558408,264.158874
15.296000,0.935491,331.774097,257.727165
15.304000,1.154836,337.075093,261.204684
15.312000,1.096777,336.620027,261.374540
15.320000,1.077391,338.201082,263.054242
15.328000,1.125782,335.040965,265.059694
15.336000,1.048386,341.091804,264.740662
15.344000,1.125782,335.705698,263.913605
15.352000,0.974163,341.211526,266.569612
15.360000,1.048386,336.588780,266.150669
15.368000,1.238727,332.857133,264.243332
15.376000,1.200005,340.364824,264.517224
15.384000,1.180618,337.577157,263.511310
15.392000,1.161282,333.028189,263.172205
15.400000,1.177395,342.537495,261.844476
15.408000,1.174173,338.237238,269.603523
15.416000,1.229009,338.323553,261.926454
15.424000,1.106445,343.322202,266.171830
15.432000,1.022554,333.472753,270.016899
15.440000,0.999995,336.005840,260.937509
15.448000,1.016109,331.768381,269.135670
15.456000,0.993550,337.419137,259.628712
15.464000,1.029000,334.313956,265.568265
15.472000,1.074168,340.620471,265.505116
15.480000,0.922550,340.512796,262.029380
15.488000,1.041941,337.000884,265.194345
15.496000,1.009664,336.970177,266.000253
15.504000,0.993550,340.675400,263.703332
15.512000,1.016109,342.688575,266.564997
15.520000,1.296786,337.447605,267.062274
15.528000,1.964541,341.313724,264.292869
15.536000,2.277446,334.762724,264.835949
15.544000,2.012932,333.992985,264.862898
15.552000,0.919327,342.209562,258.191608
15.560000,0.848377,338.460373,261.827821
15.568000,0.780650,341.939229,259.745398
15.576000,0.738705,340.324263,256.638270
15.584000,0.787095,342.038896,266.393297
15.592000,0.806432,341.018959,259.983068
15.600000,0.832264,339.357479,263.546207
15.608000,0.829041,348.974070,257.395606
15.616000,0.751595,346.649941,260.353820
15.624000,0.980659,333.464336,262.959816
15.632000,0.745150,340.391626,264.350865
15.640000,0.987105,342.483107,261.913109
15.648000,0.861268,340.480508,260.687130
15.656000,1.029000,340.582619,262.692980
15.664000,1.012886,341.445945,260.646179
15.672000,0.864491,340.716670,264.282248
15.680000,1.070945,345.069470,258.593829
15.688000,1.080613,340.337257,264.148776
15.696000,1.087109,334.860417,262.283631
15.704000,0.974163,336.609647,261.090785
15.712000,1.167727,342.121023,261.283711
15.720000,1.100000,338.364265,263.983802
15.728000,1.177395,337.194552,259.272819
15.736000,1.167727,345.051676,266.512843
15.744000,1.116114,341.033465,262.455531
15.752000,1.080613,334.073434,263.573953
15.760000,1.035496,343.492948,261.440477
15.768000,0.829041,336.199444,258.656356
15.776000,0.945159,336.147573,259.937046
15.784000,1.087109,329.695028,262.748327
15.792000,0.767709,331.653893,261.001794
15.800000,0.767709,338.958739,260.342062
15.808000,0.793541,332.712398,257.682471
15.816000,0.780650,335.478727,259.484066
15.824000,0.906436,337.853342,263.790455
15.832000,0.793541,329.604198,267.110490
15.840000,0.841932,337.269795,263.024387
15.848000,0.887100,335.274848,260.204393
15.856000,0.851600,335.982042,260.832915
15.864000,0.919327,338.923907,259.683120
15.872000,0.880655,337.177341,260.080622
15.880000,0.983882,334.915678,260.867707
15.888000,0.925772,337.542150,265.742531
15.896000,0.877432,338.429047,259.773749
15.904000,1.048386,336.677044,261.766775
15.912000,1.006441,336.334457,258.324471
15.920000,0.877432,333.965770,260.394655
15.928000,0.912882,343.425123,257.703751
15.936000,0.893545,335.394542,259.394520
15.944000,1.006441,336.053128,263.761472
15.952000,0.754818,339.773245,264.520818
15.960000,0.890323,336.752225,262.427872
15.968000,1.090332,332.084530,261.600180
15.976000,1.064500,332.885041,256.257669
15.984000,0.999995,333.233212,268.029093
15.992000,0.951604,333.787936,262.306424
16.000000,1.135500,335.944961,257.842423
16.008000,0.883877,337.931467,262.598421
16.016000,0.880655,333.298393,263.357419
16.024000,0.880655,336.345925,261.711619
16.032000,0.996773,339.603468,258.608691
16.040000,0.929046,330.928094,262.325568
16.048000,1.087109,336.392157,264.312053
16.056000,0.961273,336.859930,262.679938
16.064000,0.987105,339.554168,261.298797
16.072000,0.983882,335.232723,265.624146
16.080000,0.996773,337.782907,261.165526
16.088000,1.158059,333.632518,257.287238
16.096000,1.022554,334.499856,263.374869
16.104000,1.135500,335.728137,265.210323
16.112000,1.125782,341.392865,266.301985
16.120000,0.977386,338.528444,258.370930
16.128000,0.961273,338.216844,261.591462
16.136000,0.983882,338.247990,265.016199
16.144000,0.983882,338.520061,263.129767
16.152000,0.929046,335.123764,262.049703
16.160000,0.841932,339.710403,270.790205
16.168000,0.867713,340.201661,257.792336
16.176000,0.935491,340.339820,267.310518
16.184000,0.919327,338.520856,265.164084
16.192000,1.170950,336.375824,265.674699
16.200000,0.967718,334.667827,265.426056
16.208000,1.064500,342.842939,264.082801
16.216000,1.212895,334.557496,268.827586
16.224000,1.729032,338.832335,266.311364
16.232000,2.064546,345.599779,268.098863
16.240000,2.080659,333.693342,270.026275
16.248000,1.167727,334.788996,262.817157
16.256000,0.903214,334.219125,261.414634
16.264000,0.770932,337.634434,263.262989
16.272000,0.799986,336.713275,265.106368
16.280000,0.745150,337.948969,261.032935
16.288000,0.838709,338.049370,267.795207
16.296000,0.745150,339.996304,265.049608
16.304000,0.854823,335.290814,263.247037
16.312000,0.758041,339.143594,269.950465
16.320000,1.029000,339.732649,262.130424
16.328000,0.954827,338.604163,263.015000
16.336000,0.967718,343.345586,264.832147
16.344000,0.896768,341.581588,262.304322
16.352000,0.999995,341.284917,261.756084
16.360000,0.951604,337.481688,267.785270
16.368000,1.054832,344.059620,262.885087
16.376000,1.061277,343.546932,258.198396
16.384000,1.112891,339.037248,261.910087
16.392000,1.112891,339.108805,266.584138
16.400000,1.222564,344.942607,263.011444
16.408000,1.041941,340.780644,268.316048
16.416000,1.258064,335.896714,263.515457
16.424000,1.125782,334.808069,256.157662
16.432000,1.174173,336.139270,262.891418
16.440000,1.238727,338.674288,256.118843
16.448000,1.112891,343.053161,263.792858
16.456000,1.054832,340.443624,261.362518
16.464000,0.977386,338.309804,261.984812
16.472000,0.906436,337.505622,252.961602
16.480000,0.999995,336.531810,260.550362
16.488000,0.806432,344.179620,259.026702
16.496000,0.909659,336.788091,261.530152
16.504000,0.880655,335.024106,262.598696
16.512000,0.929046,338.762380,257.747676
16.520000,0.832264,337.628230,261.211054
16.528000,0.864491,343.991000,256.697533
16.536000,0.996773,341.251810,263.190769
16.544000,0.822545,340.240998,253.334308
16.552000,0.948382,334.289722,260.983399
16.560000,0.941936,339.923352,259.197796
16.568000,0.996773,335.255033,260.109176
16.576000,1.058054,335.725611,267.491905
16.584000,0.935491,337.876313,256.527438
16.592000,0.899991,334.731483,264.037044
16.600000,1.116114,336.613152,266.701898
16.608000,1.035496,333.362286,261.554437
16.616000,0.925772,340.740057,257.105811
16.624000,0.941936,335.446462,260.646478
16.632000,0.893545,333.496683,261.058002
16.640000,0.903214,332.122096,257.845787
16.648000,0.932268,335.697501,265.075209
16.656000,0.987105,339.923288,259.560915
16.664000,1.058054,339.097232,257.027420
16.672000,1.009664,339.224366,259.873085
16.680000,1.022554,332.972310,259.801089
16.688000,0.783873,328.888428,259.746989
16.696000,1.087109,339.121890,263.161164
16.704000,0.958050,342.004543,256.472989
16.712000,0.974163,335.656086,255.197148
16.720000,0.983882,335.262920,261.224434
16.728000,0.948382,338.612195,261.555856
16.736000,0.935491,338.940880,261.499161
16.744000,0.951604,337.368153,264.434108
16.752000,0.925772,338.263852,261.982684
16.760000,1.038718,334.040866,263.782466
16.768000,1.009664,336.610630,264.212463
16.776000,1.103223,334.503597,263.109063
16.784000,1.022554,341.562224,261.750958
16.792000,1.054832,334.300323,259.803063
16.800000,1.016109,333.164922,262.535330
16.808000,0.919327,333.620869,265.031754
16.816000,0.929046,334.404846,255.475137
16.824000,0.890323,336.906941,261.884819
16.832000,0.935491,334.426826,266.381448
16.840000,0.896768,331.967046,266.285145
16.848000,0.948382,335.569462,266.215250
16.856000,0.922550,333.201383,266.675933
16.864000,1.041941,334.423834,263.601663
16.872000,0.854823,338.083008,262.884463
16.880000,1.006441,335.508890,264.285469
16.888000,0.854823,338.553117,258.655054
16.896000,1.093555,337.837185,264.237050
16.904000,0.912882,339.795470,268.381170
16.912000,1.312900,336.765180,261.304138
16.920000,1.761309,340.609539,261.730675
16.928000,2.229055,334.583326,252.862707
16.936000,1.899986,337.652318,265.060083
16.944000,1.093555,340.587805,261.255195
16.952000,0.761263,338.706926,260.348358
16.960000,0.677423,340.326719,264.126167
16.968000,0.751595,335.732413,267.522983
16.976000,0.703204,340.979482,267.589736
16.984000,0.858045,346.943926,265.499037
16.992000,0.909659,337.261270,266.944386
17.000000,0.948382,335.986138,258.436090
17.008000,0.932268,344.834363,266.690309
17.016000,0.980659,337.617655,266.045032
17.024000,0.996773,336.741461,267.468936
17.032000,0.925772,339.766131,268.781182
17.040000,1.029000,338.480153,263.569839
17.048000,0.938714,334.775110,263.720656
17.056000,1.070945,334.919300,266.302067
17.064000,1.022554,337.925572,265.618839
17.072000,1.161282,339.901689,265.415870
17.080000,1.106445,338.229565,267.115986
17.088000,1.164504,337.278509,262.122990
17.096000,1.206450,337.022608,264.152033
17.104000,1.109668,341.898540,266.210725
17.112000,1.154836,340.490406,263.964951
17.120000,1.332236,341.202797,261.728250
17.128000,1.116114,342.368907,259.889871
17.136000,1.167727,338.689137,257.331750
17.144000,1.058054,340.069325,261.185035
17.152000,0.925772,340.515491,266.056378
17.160000,1.070945,336.694051,265.330334
17.168000,0.922550,338.930356,262.349471
17.176000,0.870936,341.493933,262.211738
17.184000,0.906436,339.549236,262.266486
17.192000,0.829041,338.742417,258.498858
17.200000,0.745150,341.416472,256.112231
17.208000,0.825818,337.254292,263.962534
17.216000,0.851600,339.171508,260.384358
17.224000,0.925772,344.051367,261.310379
17.232000,0.848377,338.625137,263.034203
17.240000,0.896768,338.946082,260.943220
17.248000,0.974163,341.588890,264.540362
17.256000,1.016109,340.708517,265.462918
17.264000,1.009664,335.993981,258.589029
17.272000,0.999995,340.800835,265.122695
17.280000,0.951604,343.706990,260.420059
17.288000,1.070945,338.891909,258.304233
17.296000,0.941936,337.600267,264.994945
17.304000,0.983882,338.164488,264.813226
17.312000,1.019332,338.081863,263.135714
17.320000,1.035496,338.231852,263.085977
17.328000,1.087109,342.134384,258.811386
17.336000,1.074168,340.390162,258.527056
17.344000,0.958050,338.010021,259.798551
17.352000,1.012886,334.705814,261.339887
17.360000,0.954827,337.679728,256.237932
17.368000,0.787095,341.418537,262.416874
17.376000,0.803209,337.783524,254.682350
17.384000,0.941936,328.858334,258.812166
17.392000,0.974163,335.141212,258.498061
17.400000,0.893545,329.725028,259.504044
17.408000,0.990327,340.843248,259.347498
17.416000,0.903214,337.517560,258.750494
17.424000,0.941936,333.749825,260.796733
17.432000,1.141946,338.305799,256.188058
17.440000,1.003218,339.486026,263.188581
17.448000,0.951604,332.164083,255.730679
17.456000,1.177395,337.987381,261.905167
17.464000,1.048386,337.616870,259.170038
17.472000,1.048386,335.971260,260.922030
17.480000,0.961273,336.851054,261.131659
17.488000,0.977386,337.176113,261.022393
17.496000,0.761263,336.863733,262.465587
17.504000,0.880655,334.698715,263.077865
17.512000,0.887100,342.100273,255.233327
17.520000,0.845154,339.534761,257.290504
17.528000,0.854823,336.467535,266.458293
17.536000,0.761263,335.664484,259.681611
17.544000,0.793541,330.446021,261.656787
17.552000,0.829041,337.138567,255.737119
17.560000,0.699982,337.809328,263.010359
17.568000,0.751595,342.363010,262.088710
17.576000,0.999995,332.470198,258.939856
17.584000,1.864537,338.685653,262.859172
17.592000,2.064546,334.993763,267.322409
17.600000,1.045164,334.197439,266.097464
17.608000,0.454804,339.379536,269.660083
17.616000,0.412909,332.445862,261.738699
17.624000,0.499973,336.472346,261.431668
17.632000,0.261291,336.570187,269.433142
17.640000,0.390300,336.192118,264.790385
17.648000,0.519359,333.119803,264.862884
17.656000,0.467745,337.116919,264.643145
17.664000,0.603200,343.187653,257.801513
17.672000,0.699982,332.862865,260.430267
17.680000,0.722591,340.902520,263.032113
17.688000,0.670977,332.663458,265.107563
17.696000,0.851600,335.212532,261.770708
17.704000,0.922550,334.561599,265.830046
17.712000,0.858045,334.314233,262.770561
17.720000,0.845154,338.606645,258.545898
17.728000,1.006441,339.045362,262.106864
17.736000,1.054832,335.500618,261.112867
17.744000,0.919327,338.637242,262.765144
17.752000,1.125782,337.010579,266.025610
17.760000,1.093555,338.869325,263.002695
17.768000,1.290341,334.738920,258.722794
17.776000,1.248396,339.164815,265.228950
17.784000,1.132227,332.095233,256.439109
17.792000,1.190336,338.083872,263.831285
17.800000,1.206450,338.280050,264.467942
17.808000,1.180618,337.900634,266.895591
17.816000,1.238727,341.543392,262.607435
17.824000,1.112891,330.762279,261.335626
17.832000,1.132227,339.886943,266.609625
17.840000,0.951604,335.290969,268.987000
17.848000,1.158059,332.848870,268.901417
17.856000,1.090332,340.368358,267.503559
17.864000,0.987105,339.636969,267.785890
17.872000,1.029000,340.784929,266.290554
17.880000,1.096777,332.379496,266.195543
17.888000,1.080613,329.692227,260.121421
17.896000,1.158059,337.877040,261.416778
17.904000,1.319345,335.708932,258.382586
17.912000,1.358068,343.938837,259.997849
17.920000,1.235454,341.225913,263.302406
17.928000,1.187114,339.073797,267.061741
17.936000,1.300009,332.596277,261.374635
17.944000,1.129004,342.937411,262.170301
17.952000,1.154836,342.314415,262.385868
17.960000,1.190336,343.438078,258.893499
17.968000,1.254841,341.875336,263.995625
17.976000,1.187114,340.837584,260.011505
17.984000,1.177395,338.988852,255.697663
17.992000,1.109668,339.230641,264.983765
18.000000,1.151614,340.867236,263.105936
18.008000,1.135500,340.214678,257.587521
18.016000,1.022554,339.969778,264.002822
18.024000,1.187114,344.115262,257.857773
18.032000,1.212895,335.498352,261.990865
18.040000,1.119336,341.981965,254.449753
18.048000,1.154836,337.308952,264.637425
18.056000,1.258064,336.742682,262.206892
18.064000,1.135500,336.191860,258.640279
18.072000,1.132227,343.484684,262.285774
18.080000,1.377404,339.973448,261.919164
18.088000,1.296786,343.278210,261.462998
18.096000,1.235454,343.149380,260.750271
18.104000,1.283845,337.697824,260.614071
18.112000,1.280623,338.534094,258.864205
18.120000,1.193559,333.059133,260.008869
18.128000,1.206450,333.594484,263.310084
18.136000,1.116114,341.219737,263.550198
18.144000,1.122559,338.265688,262.109105
18.152000,1.022554,336.088961,259.185425
18.160000,1.190336,339.321515,256.261669
18.168000,1.016109,341.314767,263.016727
18.176000,1.054832,329.376994,259.956925
18.184000,1.122559,334.007406,262.117837
18.192000,1.041941,339.759805,259.191003
18.200000,1.112891,334.694680,258.243284
18.208000,0.909659,335.901776,258.983342
18.216000,1.167727,339.255385,259.186667
18.224000,1.745145,336.540556,265.234576
18.232000,2.367732,336.102996,256.477142
18.240000,2.232277,337.467037,259.773300
18.248000,1.077391,334.769009,250.314827
18.256000,0.906436,339.564771,261.327147
18.264000,0.848377,337.885108,254.322321
18.272000,0.712873,336.967705,261.895625
18.280000,0.909659,334.317542,262.274280
18.288000,0.787095,343.414012,259.676952
18.296000,0.790318,335.645323,253.552605
18.304000,0.980659,334.406207,261.937684
18.312000,0.993550,337.626688,260.624628
18.320000,0.980659,335.719596,259.982131
18.328000,1.206450,337.828782,264.822818
18.336000,1.106445,335.975628,265.811268
18.344000,1.193559,333.843693,259.332527
18.352000,1.261286,333.771345,266.609455
18.360000,1.261286,332.917135,264.822423
18.368000,1.396791,337.524401,266.282040
18.376000,1.316123,343.640980,265.336771
18.384000,1.209673,337.390604,262.990068
18.392000,1.383850,336.609456,260.827347
18.400000,1.300009,334.024799,266.473849
18.408000,1.325791,331.937206,261.068701
18.416000,1.306455,339.076162,260.921285
18.424000,1.306455,332.615952,265.047119
18.432000,1.270954,336.906347,261.697247
18.440000,1.229009,329.495968,262.286579
18.448000,1.290341,344.350957,258.009841
18.456000,1.090332,337.447224,263.307613
18.464000,1.187114,339.713483,262.099985
18.472000,0.945159,334.298831,261.179042
18.480000,1.003218,336.892469,262.919549
18.488000,1.038718,334.756178,263.681254
18.496000,0.922550,337.433323,260.198051
18.504000,0.848377,334.092484,268.534580
18.512000,0.874159,335.966335,267.657850
18.520000,0.932268,336.976977,265.347701
18.528000,0.854823,341.600108,265.885308
18.536000,0.835486,343.519849,261.621578
18.544000,0.932268,336.905372,265.247207
18.552000,0.819322,339.989864,266.474156
18.560000,0.887100,329.735764,268.653311
18.568000,0.735482,337.422359,262.229738
18.576000,0.996773,339.883054,266.963536
18.584000,0.925772,339.500143,258.060861
18.592000,0.858045,341.243393,265.260437
18.600000,0.990327,337.859867,265.186630
18.608000,0.903214,337.720993,266.269709
18.616000,0.929046,339.887708,268.160342
18.624000,0.990327,338.464630,259.561827
18.632000,1.025777,332.527803,267.078885
18.640000,0.916104,338.569458,265.745717
18.648000,0.916104,341.207896,260.787210
18.656000,0.883877,340.726978,260.595507
18.664000,1.054832,340.932578,262.517837
18.672000,0.948382,335.074219,263.108478
18.680000,0.883877,341.396775,262.778620
18.688000,0.780650,344.656606,258.479130
18.696000,0.961273,334.888623,262.139403
18.704000,0.948382,346.335873,264.237367
18.712000,0.790318,336.029546,265.814669
18.720000,0.870936,335.548711,264.654943
18.728000,0.883877,347.290147,260.225204
18.736000,1.058054,334.433315,263.465269
18.744000,0.825818,338.901744,262.463162
18.752000,0.990327,340.820009,264.558535
18.760000,1.051609,339.202981,261.403936
18.768000,1.041941,337.648300,264.254787
18.776000,1.032273,337.354823,259.843626
18.784000,0.909659,340.989288,259.328688
18.792000,0.945159,342.228385,258.047558
18.800000,0.899991,337.981624,260.087292
18.808000,0.767709,339.835848,257.184463
18.816000,0.764486,340.043494,261.945709
18.824000,0.899991,337.266760,258.381537
18.832000,0.919327,337.367095,256.347215
18.840000,0.732259,339.887643,261.744464
18.848000,0.929046,337.613036,260.056576
18.856000,0.835486,341.458150,261.592754
18.864000,0.974163,337.322266,257.574085
18.872000,0.764486,337.506648,260.660639
18.880000,0.793541,343.756689,260.525994
18.888000,1.277400,338.994454,259.059720
18.896000,2.009659,338.464800,264.742760
18.904000,2.235500,336.248770,259.702299
18.912000,1.319345,333.037928,262.989767
18.920000,0.761263,334.588158,260.006624
18.928000,0.541918,334.762451,261.476558
18.936000,0.654813,340.035361,260.293820
18.944000,0.570973,334.240408,260.801890
18.952000,0.629032,337.300498,262.246062
18.960000,0.683868,336.141538,260.343296
18.968000,0.522582,337.393183,262.720221
18.976000,0.764486,338.628339,262.933312
18.984000,0.812877,332.371455,259.778005
18.992000,0.838709,335.709185,262.097884
19.000000,0.783873,329.176310,256.438952
19.008000,0.835486,342.253200,258.780392
19.016000,0.945159,339.084632,255.421181
19.024000,0.887100,333.614387,259.970896
19.032000,0.887100,335.466200,260.465671
19.040000,0.945159,332.579479,265.275154
19.048000,1.009664,333.394566,260.052450
19.056000,1.135500,342.275460,260.870376
19.064000,1.025777,338.738838,259.028953
19.072000,1.048386,335.920763,256.608161
19.080000,1.238727,339.474139,268.522987
19.088000,1.164504,332.600950,261.094390
19.096000,0.987105,333.309737,256.948163
19.104000,1.161282,335.319015,267.924509
19.112000,1.070945,337.058677,261.093879
19.120000,1.177395,338.524810,262.807665
19.128000,1.041941,340.369700,262.344098
19.136000,0.903214,334.789298,259.926717
19.144000,0.864491,333.983409,263.559185
19.152000,0.935491,334.990824,265.754779
19.160000,0.883877,336.814074,259.933857
19.168000,0.758041,340.390931,258.930714
19.176000,0.912882,338.882106,262.822387
19.184000,0.922550,328.170320,264.770992
19.192000,1.058054,338.452264,262.550275
19.200000,0.790318,336.131742,265.341498
19.208000,0.819322,327.076181,265.197563
19.216000,0.964495,334.509786,256.846236
19.224000,0.990327,334.331370,266.955750
19.232000,1.048386,333.840755,260.250540
19.240000,0.929046,334.728563,260.820394
19.248000,0.925772,338.202781,261.114640
19.256000,1.074168,333.047265,262.807209
19.264000,0.974163,340.117120,263.274495
19.272000,1.006441,336.244546,259.719509
19.280000,1.158059,333.707746,262.425556
19.288000,0.932268,332.755653,261.763566
19.296000,1.161282,339.127406,263.966040
19.304000,1.058054,341.763371,266.876085
19.312000,1.006441,340.324616,261.768633
19.320000,1.025777,337.976875,262.901736
19.328000,1.077391,337.082477,262.640135
19.336000,1.122559,332.027986,267.421968
19.344000,1.070945,333.400046,269.688046
19.352000,1.019332,337.744160,265.075061
19.360000,1.016109,336.762214,260.313867
19.368000,1.080613,342.586289,265.043393
19.376000,1.135500,343.207319,268.102942
19.384000,0.987105,333.109418,266.820760
19.392000,0.935491,343.477582,266.790975
19.400000,1.032273,333.900001,265.546151
19.408000,1.083886,338.784641,263.623133
19.416000,1.032273,338.880271,264.948806
19.424000,1.164504,334.765056,272.861336
19.432000,1.077391,335.957400,267.995528
19.440000,1.109668,336.511490,262.872865
19.448000,1.025777,339.028643,262.980883
19.456000,1.100000,336.725552,258.457621
19.464000,0.880655,335.697313,265.252763
19.472000,1.048386,338.397550,263.662444
19.480000,1.006441,340.149601,262.658677
19.488000,0.961273,345.911163,263.180060
19.496000,0.977386,338.516559,260.277315
19.504000,1.025777,338.452595,264.188714
19.512000,1.064500,343.944116,264.160136
19.520000,0.854823,333.496754,265.139050
19.528000,0.970941,340.201790,257.623172
19.536000,0.996773,338.993959,261.627215
19.544000,0.887100,342.262264,260.141466
19.552000,1.074168,342.743992,261.856165
19.560000,1.383850,340.539796,261.871767
19.568000,1.987100,338.401459,258.681737
19.576000,2.216114,337.278918,262.196005
19.584000,1.354846,339.345517,259.000160
19.592000,0.925772,338.196615,258.563499
19.600000,0.641923,339.771146,260.285819
19.608000,0.687091,340.444297,259.555315
19.616000,0.674200,340.280746,259.158322
19.624000,0.835486,337.336677,261.730080
19.632000,0.799986,341.077908,265.911012
19.640000,0.858045,339.592942,260.749820
19.648000,0.916104,338.394033,256.787420
19.656000,0.722591,340.062000,261.325993
19.664000,0.916104,341.807891,259.653491
19.672000,0.948382,337.465171,264.077534
19.680000,0.841932,338.179115,265.595930
19.688000,0.909659,337.904105,253.848843
19.696000,1.080613,336.932496,256.488858
19.704000,1.048386,341.922373,259.645928
19.712000,1.087109,338.694133,260.851777
19.720000,1.087109,337.821977,264.838864
19.728000,1.112891,332.775383,263.005245
19.736000,1.148391,335.620706,261.651497
19.744000,1.161282,335.006737,260.179997
19.752000,1.203227,332.628176,263.524019
19.760000,1.167727,332.852108,263.205931
19.768000,1.064500,338.235524,263.079040
19.776000,1.132227,333.031139,257.643626
19.784000,1.048386,331.740866,262.803111
19.792000,1.125782,334.512259,258.131559
19.800000,0.993550,335.596886,261.724310
19.808000,0.964495,335.079660,256.785378
19.816000,0.932268,338.590997,256.387675
19.824000,0.990327,335.776212,261.307322
19.832000,0.880655,331.873586,259.504732
19.840000,0.787095,340.896666,258.973099
19.848000,0.896768,339.735499,259.515221
19.856000,0.903214,337.196709,261.441665
19.864000,0.854823,332.886381,255.186575
19.872000,0.970941,335.721452,265.217807
19.880000,0.909659,338.615513,253.878070
19.888000,0.887100,334.554457,261.089445
19.896000,1.064500,338.978382,258.716296
19.904000,1.016109,336.872077,260.185089
19.912000,0.929046,336.048698,266.509754
19.920000,1.003218,332.984159,262.398187
19.928000,0.990327,340.141240,261.608432
19.936000,1.019332,334.031040,263.596373
19.944000,1.009664,337.235363,263.952804
19.952000,1.058054,340.192325,264.468667
19.960000,1.167727,335.285983,270.683377
19.968000,1.090332,336.139263,268.118571
19.976000,0.938714,341.769756,264.923838
19.984000,0.945159,338.141690,265.701185
19.992000,1.112891,338.254538,262.454127
20.000000,1.029000,338.883693,261.607197
20.008000,0.961273,335.192247,256.070218
20.016000,1.012886,333.526145,259.098222
20.024000,1.070945,337.892368,263.651828
20.032000,1.025777,333.366670,263.648552
20.040000,0.990327,340.310628,261.253287
20.048000,0.929046,334.484727,262.787437
20.056000,0.974163,338.375577,262.886575
20.064000,1.041941,336.863293,265.923744
20.072000,1.196782,337.163441,266.675945
20.080000,1.096777,335.752481,261.991589
20.088000,1.125782,338.348846,260.849897
20.096000,1.087109,336.663018,265.481238
20.104000,1.096777,336.424788,265.971959
20.112000,0.958050,342.701686,267.657801
20.120000,0.961273,337.479579,259.448915
20.128000,0.883877,335.667593,267.224548
20.136000,0.948382,341.378461,258.556196
20.144000,1.012886,337.774899,263.281533
20.152000,1.006441,340.387127,263.437209
20.160000,1.035496,333.065488,269.323738
20.168000,0.961273,334.243773,264.065803
20.176000,1.070945,334.935627,261.913814
20.184000,1.083886,337.682470,262.648628
20.192000,0.977386,338.015311,266.736302
20.200000,1.229009,339.657701,267.797997
20.208000,2.035491,330.438672,264.650301
20.216000,2.409677,336.132128,267.403722
20.224000,1.896764,344.893326,265.039527
20.232000,0.974163,336.758824,259.524589
20.240000,0.803209,339.253072,264.764410
20.248000,0.729036,336.911105,261.835147
20.256000,0.874159,333.256883,259.767800
20.264000,0.725814,339.805084,266.571005
20.272000,0.880655,342.941881,266.619351
20.280000,0.870936,341.051659,262.815511
20.288000,0.854823,339.518310,263.570354
20.296000,0.970941,337.647247,262.439398
20.304000,1.048386,340.445648,258.711930
20.312000,1.003218,342.068226,264.520296
20.320000,0.970941,344.405864,263.560316
20.328000,1.100000,347.282648,256.319835
20.336000,1.054832,339.107742,264.309502
20.344000,1.090332,341.347464,256.564919
20.352000,1.090332,337.761505,261.453600
20.360000,1.212895,343.761248,260.702465
20.368000,1.106445,337.725926,258.751331
20.376000,1.212895,340.093697,257.199120
20.384000,1.138723,338.284088,260.413908
20.392000,1.245173,344.648559,263.855925
20.400000,1.270954,340.266540,265.045632
20.408000,1.267732,331.272713,255.971424
20.416000,1.200005,337.396718,259.640713
20.424000,1.300009,344.082393,256.347834
20.432000,1.154836,336.833733,259.692434
20.440000,1.119336,339.536839,260.361191
20.448000,1.258064,333.506969,261.252514
20.456000,1.119336,340.195882,259.588824
20.464000,1.125782,337.671416,256.011833
20.472000,1.022554,336.093166,265.377534
20.480000,0.999995,341.833945,263.165160
20.488000,0.996773,339.072636,260.246277
20.496000,1.122559,333.712477,259.980031
20.504000,0.993550,331.524939,260.879987
20.512000,1.109668,335.513935,257.744511
20.520000,1.006441,337.697031,257.097630
20.528000,1.148391,332.395781,261.478668
20.536000,1.112891,331.679436,259.661240
20.544000,1.235454,334.891236,261.457399
20.552000,1.125782,334.594911,259.136970
20.560000,1.219341,334.460735,262.090851
20.568000,1.167727,335.669070,256.621318
20.576000,1.154836,334.108263,263.128225
20.584000,1.029000,336.044480,257.507823
20.592000,1.090332,331.681227,257.495447
20.600000,1.193559,341.675677,259.074505
20.608000,1.022554,331.138223,261.027125
20.616000,1.125782,335.937370,262.061820
20.624000,1.029000,334.940413,263.122142
20.632000,1.077391,333.346269,258.263692
20.640000,1.177395,337.849057,258.916419
20.648000,1.129004,333.349030,261.174658
20.656000,1.164504,330.827090,263.570160
20.664000,1.090332,338.231487,258.668203
20.672000,0.970941,334.647109,265.196084
20.680000,1.064500,329.382170,258.896573
20.688000,1.164504,337.941557,268.532690
20.696000,1.096777,335.939388,263.604727
20.704000,1.258064,333.219367,260.515240
20.712000,1.203227,333.504059,268.166652
20.720000,1.219341,334.726427,269.446745
20.728000,1.122559,336.551738,268.698684
20.736000,1.083886,335.597482,265.015298
20.744000,0.980659,336.131442,266.000001
20.752000,1.177395,338.177017,265.140482
20.760000,1.129004,333.315626,262.033451
20.768000,1.025777,333.639713,263.478578
20.776000,1.158059,337.147489,259.318715
20.784000,1.206450,335.117747,268.221682
20.792000,1.138723,333.998954,259.263886
20.800000,1.154836,337.901227,260.534807
20.808000,1.338682,331.496757,261.952156
20.816000,1.351623,331.967340,262.251602
20.824000,1.422573,342.263996,256.362715
20.832000,1.951600,341.170142,265.004915
20.840000,2.725805,338.355411,262.581025
20.848000,2.987095,342.355959,262.968243
20.856000,1.993545,338.743029,262.195790
20.864000,1.196782,335.659459,265.144232
20.872000,1.287068,336.305750,258.470444
20.880000,1.093555,340.175121,260.154334
20.888000,1.203227,340.841040,264.249522
20.896000,1.229009,334.961577,262.319536
20.904000,1.129004,343.172712,263.151675
20.912000,1.306455,343.293384,266.275824
20.920000,1.245173,338.838555,266.121771
20.928000,1.303232,339.863110,265.379570
20.936000,1.235454,336.736050,261.653319
20.944000,1.109668,335.561710,274.026049
20.952000,1.161282,341.535482,262.987655
20.960000,1.138723,335.750881,264.619573
20.968000,1.090332,342.725557,264.827253
20.976000,1.041941,335.172823,261.992152
20.984000,0.987105,341.222790,265.203971
20.992000,1.190336,332.273456,265.870922
21.000000,1.106445,339.637675,263.731420
21.008000,1.080613,334.902788,265.842317
21.016000,0.945159,335.773219,264.609602
21.024000,0.987105,340.265880,266.089391
21.032000,0.990327,333.969179,264.993000
21.040000,0.903214,334.192952,265.789189
21.048000,0.858045,340.130560,262.272078
21.056000,0.806432,343.902910,262.903048
21.064000,0.703204,342.208022,266.327685
21.072000,0.680645,344.162109,258.591702
21.080000,0.587086,341.732758,262.488955
21.088000,0.467745,341.012798,265.904844
21.096000,0.654813,338.785774,260.554489
21.104000,0.522582,340.863181,262.864292
21.112000,0.516136,339.792293,264.738898
21.120000,0.412909,341.865506,261.226295
21.128000,0.561254,348.661334,257.991429
21.136000,0.490304,341.985529,259.677262
21.144000,0.516136,337.079795,259.301343
21.152000,0.709650,339.389800,259.105491
21.160000,0.590309,340.994663,261.239559
21.168000,0.577418,334.212029,259.034733
21.176000,0.716095,343.861979,261.679041
21.184000,0.596754,333.469388,263.067815
21.192000,0.635477,335.895685,264.418791
21.200000,0.812877,342.071409,265.335902
21.208000,0.780650,337.965480,260.159032
21.216000,0.658036,340.382847,264.260412
21.224000,0.690314,342.712661,264.870340
21.232000,0.738705,346.120263,259.513536
21.240000,0.796764,335.419436,267.130361
21.248000,0.680645,334.193631,262.432505
21.256000,0.806432,341.685164,259.835550
21.264000,0.774205,334.261873,250.554928
21.272000,0.835486,340.249067,263.989749
21.280000,0.712873,336.625086,264.468135
21.288000,0.819322,335.693065,252.993325
21.296000,0.719318,335.084331,259.492125
21.304000,0.767709,340.897638,260.382331
21.312000,0.887100,338.160813,256.371068
21.320000,0.658036,333.054619,260.539287
21.328000,0.774205,331.397530,263.384544
21.336000,0.709650,334.870615,263.444070
21.344000,0.716095,336.577536,262.889481
21.352000,0.787095,337.139392,260.507146
21.360000,0.922550,335.570347,261.175491
21.368000,0.799986,332.459092,263.282105
21.376000,0.906436,335.577332,260.139957
21.384000,0.841932,333.763639,261.759039
21.392000,0.777427,339.554876,257.586013
21.400000,0.729036,332.822087,256.307525
21.408000,0.561254,337.822266,260.620458
21.416000,0.729036,337.821736,264.289719
21.424000,0.754818,338.794623,262.373470
21.432000,0.832264,335.697838,263.001022
21.440000,0.764486,336.772419,265.641432
21.448000,0.703204,339.990240,260.065927
21.456000,0.822545,338.079966,265.173950
21.464000,0.870936,335.777838,259.437074
21.472000,0.719318,331.536943,263.299224
21.480000,0.767709,337.503516,262.614331
21.488000,1.254841,332.145568,264.657675
21.496000,1.829036,336.904516,263.010387
21.504000,2.190332,331.841020,270.864345
21.512000,1.554855,336.120596,266.142838
21.520000,0.819322,332.156294,261.744370
21.528000,0.693536,330.785080,263.032839
21.536000,0.764486,336.841993,262.078765
21.544000,0.683868,335.108900,263.848717
21.552000,0.674200,334.906417,259.559412
21.560000,0.761263,334.576333,257.380022
21.568000,0.787095,337.510481,260.882770
21.576000,0.783873,334.106106,258.897528
21.584000,0.899991,336.178032,258.805984
21.592000,0.922550,337.857921,264.052319
21.600000,0.941936,335.872362,266.656933
21.608000,0.925772,336.830194,261.981080
21.616000,0.983882,332.608719,261.330742
21.624000,1.061277,338.584113,261.253212
21.632000,1.048386,338.416065,264.750762
21.640000,1.080613,335.843524,259.376390
21.648000,0.967718,340.374299,264.427423
21.656000,1.045164,338.298148,265.562495
21.664000,1.206450,337.761458,263.523197
21.672000,1.167727,336.397918,265.276272
21.680000,1.196782,342.826169,261.659701
21.688000,1.074168,341.244507,267.700603
21.696000,1.241950,342.274826,262.942844
21.704000,1.125782,336.047918,265.470671
21.712000,1.229009,344.013168,264.699278
21.720000,1.116114,335.493978,268.454445
21.728000,1.012886,338.669346,259.355795
21.736000,0.848377,336.803691,260.355263
21.744000,0.880655,335.661360,262.959183
21.752000,0.874159,338.336400,264.731068
21.760000,0.812877,336.256312,267.775245
21.768000,0.867713,338.204038,265.600347
21.776000,0.629032,343.496942,265.505278
21.784000,0.816100,343.133550,262.129660
21.792000,0.699982,335.635178,267.244470
21.800000,0.648368,336.086389,264.491233
21.808000,0.887100,336.096922,260.326072
21.816000,0.729036,334.910581,265.043290
21.824000,0.683868,338.741646,263.230981
21.832000,0.861268,342.072688,270.739324
21.840000,0.774205,341.084904,262.516250
21.848000,0.854823,337.091935,263.565041
21.856000,0.796764,340.034633,265.383471
21.864000,0.816100,336.421798,259.875909
21.872000,0.887100,342.232283,262.686459
21.880000,0.822545,340.598219,262.415521
21.888000,0.899991,341.468755,261.410116
21.896000,0.845154,341.173237,263.646016
21.904000,0.890323,343.020641,259.390613
21.912000,0.983882,337.636718,262.714034
21.920000,0.932268,341.260197,263.507625
21.928000,0.945159,338.277075,262.669428
21.936000,0.954827,333.117791,257.352705
21.944000,0.954827,339.544125,260.084874
21.952000,0.822545,342.917565,264.014395
21.960000,0.883877,339.581171,256.870830
21.968000,0.803209,340.067547,264.655514
21.976000,0.906436,341.630385,261.884809
21.984000,0.925772,338.385268,260.440333
21.992000,0.919327,343.403673,261.398782
22.000000,0.874159,341.092873,260.084127
22.008000,0.970941,341.073618,262.546595
22.016000,1.029000,340.524035,264.294958
22.024000,0.896768,339.275486,260.589434
22.032000,0.890323,338.546876,257.059250
22.040000,0.906436,339.402898,257.496223
22.048000,1.006441,335.928012,257.929556
22.056000,0.999995,343.041551,261.752128
22.064000,0.909659,334.386182,257.171072
22.072000,0.980659,338.245820,262.464873
22.080000,0.812877,333.342900,261.535295
22.088000,0.858045,330.877713,259.182175
22.096000,0.861268,330.291676,261.780061
22.104000,0.961273,330.928118,260.638473
22.112000,0.812877,335.451936,258.229943
22.120000,0.909659,334.539618,259.442098
22.128000,0.845154,335.310948,260.879452
22.136000,0.858045,338.446800,258.346676
22.144000,0.893545,335.334097,264.116200
22.152000,1.003218,336.001592,257.595746
22.160000,0.854823,337.954953,260.465205
22.168000,1.109668,335.001924,260.994039
22.176000,1.522577,335.795783,259.175640
22.184000,2.096773,339.743506,261.817353
22.192000,2.132273,338.652382,261.515687
22.200000,1.164504,338.342727,260.206545
22.208000,0.777427,338.748050,263.771445
22.216000,0.703204,337.969957,266.079294
22.224000,0.687091,336.267792,264.056229
22.232000,0.787095,329.041051,260.898441
22.240000,0.787095,335.594622,260.924776
22.248000,0.783873,342.866076,258.354917
22.256000,0.890323,335.104175,261.167130
22.264000,0.870936,336.302614,263.867798
22.272000,0.880655,339.463077,262.152816
22.280000,0.816100,333.627075,264.158404
22.288000,1.025777,337.801004,261.498066
22.296000,0.935491,332.383717,257.700607
22.304000,0.999995,333.461280,260.547557
22.312000,1.048386,331.134160,262.375120
22.320000,1.138723,334.243135,264.448787
22.328000,0.993550,336.024303,265.199120
22.336000,1.161282,334.144415,256.423056
22.344000,1.048386,335.533741,260.758341
22.352000,1.116114,332.931427,264.418050
22.360000,1.180618,334.217089,261.011295
22.368000,1.296786,337.542057,266.564170
22.376000,1.232232,333.486203,262.700736
22.384000,1.232232,336.303047,257.029979
22.392000,1.193559,337.914587,260.118079
22.400000,1.106445,332.269368,266.524744
22.408000,1.083886,333.717039,262.617233
22.416000,1.116114,337.645816,267.928879
22.424000,1.016109,338.182112,258.788425
22.432000,1.138723,339.864824,263.207307
22.440000,0.841932,335.624825,262.389159
22.448000,1.016109,338.590318,267.191165
22.456000,0.883877,342.674149,263.708230
22.464000,0.903214,334.909504,264.988790
22.472000,0.883877,337.791714,271.356343
22.480000,0.880655,338.819185,265.201664
22.488000,1.045164,341.267380,263.139610
22.496000,0.987105,342.712320,264.947625
22.504000,1.032273,337.994517,259.042676
22.512000,0.961273,338.134322,268.968653
22.520000,1.025777,337.419184,265.489187
22.528000,1.045164,332.525833,268.479860
22.536000,1.064500,341.411102,262.441604
22.544000,0.961273,338.977818,266.061842
22.552000,1.093555,333.188914,263.187499
22.560000,1.045164,336.028899,265.001570
22.568000,1.135500,341.249868,257.811752
22.576000,1.141946,340.588071,263.503216
22.584000,1.074168,344.966060,256.001071
22.592000,1.141946,336.093635,263.979132
22.600000,1.054832,337.011017,266.327260
22.608000,1.019332,338.412698,265.144846
22.616000,1.103223,340.089308,259.554471
22.624000,1.100000,335.688495,262.379200
22.632000,1.119336,342.479919,266.478517
22.640000,1.058054,338.189375,267.563243
22.648000,1.087109,339.711601,260.600314
22.656000,1.167727,339.787647,260.442154
22.664000,1.125782,343.986070,263.129927
22.672000,1.087109,344.128756,256.955528
22.680000,1.100000,340.678407,265.971928
22.688000,1.187114,343.476271,263.988407
22.696000,1.170950,340.184554,267.616685
22.704000,1.245173,337.488552,265.173110
22.712000,1.303232,343.123755,259.524420
22.720000,1.129004,341.220928,262.099688
22.728000,1.170950,340.587269,260.553707
22.736000,1.077391,340.113599,261.185090
22.744000,1.090332,338.742835,255.416199
22.752000,1.051609,341.530458,260.269641
22.760000,1.090332,338.218925,258.837601
22.768000,1.129004,339.593239,260.184164
22.776000,1.070945,333.645869,262.041302
22.784000,1.054832,331.298720,258.498092
22.792000,1.258064,338.980181,260.449706
22.800000,1.074168,335.078157,261.951859
22.808000,1.177395,336.469437,258.419684
22.816000,0.980659,337.569613,265.272626
22.824000,1.325791,337.553189,257.038722
22.832000,1.774200,337.629938,261.465924
22.840000,2.412900,339.941481,260.858773
22.848000,2.271000,339.567002,261.501012
22.856000,1.241950,336.559379,265.258670
22.864000,0.935491,337.794681,262.672547
22.872000,0.893545,332.403242,262.323217
22.880000,0.816100,336.376300,259.807380
22.888000,0.845154,339.224539,260.541508
22.896000,0.896768,341.357184,260.770926
22.904000,1.064500,334.687058,260.992188
22.912000,0.909659,334.038700,261.947236
22.920000,1.006441,330.324870,258.217625
22.928000,0.896768,337.691954,260.223792
22.936000,0.974163,339.029096,259.032407
22.944000,1.100000,329.744535,253.877935
22.952000,1.122559,336.542149,262.617096
22.960000,1.083886,337.743541,261.330808
22.968000,1.154836,334.597842,257.362231
22.976000,1.180618,335.474473,261.703872
22.984000,1.138723,339.067587,260.160173
22.992000,1.196782,336.001321,261.933883
23.000000,1.141946,340.691825,266.725621
23.008000,1.093555,334.302029,258.736590
23.016000,1.151614,334.595818,262.464232
23.024000,1.287068,333.829305,265.001362
23.032000,1.229009,335.398360,262.860976
23.040000,1.225786,338.299846,265.723029
23.048000,1.193559,334.466329,264.305531
23.056000,1.248396,336.535431,260.595946
23.064000,1.151614,338.108491,265.209612
23.072000,1.116114,333.462024,264.003543
23.080000,1.032273,337.735913,264.463500
23.088000,1.012886,339.943790,263.869096
23.096000,0.993550,336.203645,257.945965
23.104000,0.919327,332.772626,266.443911
23.112000,1.003218,340.845782,262.839459
23.120000,0.951604,336.553957,264.130641
23.128000,1.006441,332.826073,259.534477
23.136000,0.909659,337.342217,269.106424
23.144000,1.032273,331.808095,265.079499
23.152000,1.145168,337.592351,262.589544
23.160000,0.919327,333.331827,268.884416
23.168000,1.019332,338.968479,258.754198
23.176000,0.999995,333.957471,262.162502
23.184000,1.077391,336.094871,260.821619
23.192000,1.064500,335.207560,266.927269
23.200000,0.925772,336.985928,267.639624
23.208000,0.948382,338.467807,267.553158
23.216000,1.229009,339.208465,262.760032
23.224000,1.029000,340.348796,263.021241
23.232000,1.051609,340.360666,266.698261
23.240000,0.999995,338.007564,262.975345
23.248000,0.919327,339.202930,267.393804
23.256000,0.848377,337.399772,263.529820
23.264000,0.999995,336.656623,263.199157
23.272000,0.909659,339.997489,269.092385
23.280000,0.925772,335.282935,264.352743
23.288000,1.070945,342.687885,266.666100
23.296000,1.022554,339.276661,262.509576
23.304000,0.912882,338.489956,262.013191
23.312000,0.996773,335.127037,265.732387
23.320000,0.899991,339.345262,264.914336
23.328000,0.983882,339.696297,260.580273
23.336000,0.954827,338.711355,266.545071
23.344000,1.145168,336.373331,263.607807
23.352000,1.145168,341.624158,266.094023
23.360000,0.932268,337.346886,260.015581
23.368000,1.003218,339.155320,260.521424
23.376000,0.829041,339.767495,266.049744
23.384000,0.974163,335.875112,262.281334
23.392000,0.925772,343.246748,263.165242
23.400000,0.899991,338.061773,259.577790
23.408000,1.054832,338.670821,259.570629
23.416000,1.048386,344.425304,259.284366
23.424000,1.048386,334.485280,264.312570
23.432000,1.022554,338.667440,265.609089
23.440000,1.112891,341.278438,265.728551
23.448000,1.003218,340.475251,259.078207
23.456000,0.945159,340.103244,258.016310
23.464000,1.277400,339.378811,260.801658
23.472000,1.870982,333.474548,261.862530
23.480000,2.509682,336.511406,260.289757
23.488000,1.941932,342.082175,260.336334
23.496000,0.996773,340.497813,256.697685
23.504000,0.854823,341.924470,255.340149
23.512000,0.767709,343.986404,262.602183
23.520000,0.751595,338.151951,261.145401
23.528000,0.770932,335.620351,260.087136
23.536000,0.819322,342.560976,264.248085
23.544000,0.787095,338.874009,254.186847
23.552000,0.935491,340.319081,258.146151
23.560000,0.951604,340.785453,261.466413
23.568000,0.996773,337.573615,261.531305
23.576000,0.967718,333.993746,262.045836
23.584000,1.035496,338.573838,261.711119
23.592000,0.945159,333.803139,258.675952
23.600000,0.996773,334.828601,254.424987
23.608000,1.158059,338.275328,261.019917
23.616000,1.125782,329.927255,258.777990
23.624000,1.148391,339.129224,261.541278
23.632000,1.041941,334.253949,261.144851
23.640000,1.183841,329.546427,258.851812
23.648000,1.212895,334.504041,259.896464
23.656000,1.161282,333.623150,260.512984
23.664000,1.229009,335.314384,259.868733
23.672000,1.251618,333.504481,261.271138
23.680000,1.229009,336.500338,256.875051
23.688000,1.193559,338.302342,258.765637
23.696000,1.070945,337.473149,260.552871
23.704000,1.064500,332.869756,265.337247
23.712000,1.080613,334.827442,263.487763
23.720000,1.038718,338.742004,259.272306
23.728000,1.006441,337.135237,259.251353
23.736000,0.845154,340.701788,259.867637
23.744000,0.996773,335.222333,261.124519
23.752000,0.961273,339.417000,257.617393
23.760000,0.816100,337.888955,259.549068
23.768000,0.858045,331.746286,259.176624
23.776000,0.809654,341.567525,261.495925
23.784000,0.974163,340.016399,259.906875
23.792000,0.880655,337.514093,262.164332
23.800000,0.970941,333.579688,266.261999
23.808000,0.922550,339.349546,262.103325
23.816000,1.051609,333.683784,264.222355
23.824000,0.906436,337.358243,266.324913
23.832000,0.990327,335.400598,259.306016
23.840000,0.880655,335.636335,258.854913
23.848000,1.041941,337.090990,268.816239
23.856000,0.932268,330.146171,262.924363
23.864000,1.009664,336.210161,263.525338
23.872000,0.987105,335.046720,266.925109
23.880000,1.022554,333.095487,266.778838
23.888000,0.977386,334.938179,265.797023
23.896000,0.980659,335.163433,266.621304
23.904000,1.070945,329.871685,265.638904
23.912000,0.899991,335.761184,263.076074
23.920000,0.948382,338.207421,259.736328
23.928000,0.899991,331.267329,256.431882
23.936000,0.951604,334.845151,264.032142
23.944000,1.058054,336.308612,263.304278
23.952000,0.912882,341.182445,266.127025
23.960000,0.987105,341.236115,263.305933
23.968000,0.990327,340.811998,255.434613
23.976000,0.987105,338.824343,263.625423
23.984000,1.051609,338.732891,261.445914
23.992000,1.022554,332.514814,262.891379
24.000000,1.093555,339.952325,261.928003
24.008000,1.151614,337.911418,270.301403
24.016000,1.103223,337.635154,261.602539
24.024000,1.145168,338.415039,261.025456
24.032000,1.006441,338.576146,263.385477
24.040000,0.906436,336.585251,264.694017
24.048000,0.935491,341.345457,264.488107
24.056000,0.983882,339.088691,266.061981
24.064000,0.983882,337.907715,267.716617
24.072000,0.854823,336.600011,263.076225
24.080000,1.009664,340.405503,261.903634
24.088000,0.977386,336.537276,260.646027
24.096000,0.964495,338.498437,262.644880
24.104000,0.958050,340.331081,265.860706
24.112000,1.141946,341.418348,264.190065
24.120000,0.929046,340.228820,263.960682
24.128000,1.087109,337.873552,262.852026
24.136000,1.625805,335.405330,265.903243
24.144000,2.329059,341.722348,257.766367
24.152000,2.229055,338.929877,266.875521
24.160000,1.222564,340.055794,266.456702
24.168000,0.941936,335.749276,261.191001
24.176000,0.777427,342.036310,269.569831
24.184000,0.845154,340.275752,261.471083
24.192000,0.861268,341.435972,266.071314
24.200000,0.816100,344.396667,259.795953
24.208000,0.741927,342.952463,259.403445
24.216000,0.741927,340.783990,259.560378
24.224000,0.951604,348.362301,260.147905
24.232000,0.935491,343.297440,259.805477
24.240000,0.912882,335.244283,264.138669
24.248000,1.077391,343.580107,262.532533
24.256000,0.983882,340.130212,255.845224
24.264000,0.990327,334.718975,256.940196
24.272000,1.158059,341.322433,260.476677
24.280000,0.909659,334.958642,259.856019
24.288000,1.100000,335.660186,258.610235
24.296000,1.154836,345.851555,262.105842
24.304000,1.241950,344.822439,260.795263
24.312000,1.112891,339.639213,261.603124
24.320000,1.154836,341.024487,260.956560
24.328000,1.087109,332.706185,259.612738
24.336000,1.258064,339.708842,258.056408
24.344000,1.054832,334.443609,264.041276
24.352000,1.193559,338.708763,261.445149
24.360000,1.129004,340.278520,261.192151
24.368000,1.116114,342.740248,262.220047
24.376000,1.109668,343.120032,262.127898
24.384000,1.074168,336.177082,262.248114
24.392000,0.987105,341.647661,256.113163
24.400000,0.864491,338.458910,259.808384
24.408000,0.812877,337.472729,258.309834
24.416000,0.893545,330.317791,261.301324
24.424000,0.916104,338.850510,263.554649
24.432000,0.899991,332.035277,265.340181
24.440000,0.799986,340.921276,256.431627
24.448000,0.922550,333.690357,257.280482
24.456000,0.970941,337.316111,264.460214
24.464000,0.887100,335.637654,264.348448
24.472000,0.967718,336.867256,262.114597
24.480000,0.874159,334.667240,256.724544
24.488000,1.003218,337.522896,258.024150
24.496000,0.951604,336.475005,263.573473
24.504000,0.954827,338.567411,260.558877
24.512000,1.054832,332.291921,259.692693
24.520000,0.948382,337.118644,262.562940
24.528000,0.938714,338.860849,262.585699
24.536000,0.990327,337.565740,261.383376
24.544000,1.025777,339.442340,265.100557
24.552000,0.990327,327.668872,258.811921
24.560000,1.061277,332.404056,262.355926
24.568000,0.929046,340.378794,265.361686
24.576000,0.935491,330.972408,256.593743
24.584000,0.951604,335.129852,261.478938
24.592000,0.951604,338.679683,262.137146
24.600000,0.935491,332.946801,264.068183
24.608000,0.945159,334.299050,262.609212
24.616000,0.980659,338.495394,262.577964
24.624000,1.077391,337.726754,262.772171
24.632000,0.970941,344.312001,263.927380
24.640000,0.899991,335.957648,262.700793
24.648000,0.961273,336.141705,266.715489
24.656000,0.967718,332.062484,263.864562
24.664000,0.964495,334.764392,262.140686
24.672000,1.029000,332.160543,263.200338
24.680000,0.899991,331.813123,260.024864
24.688000,1.164504,333.585864,261.744352
24.696000,1.003218,336.141079,265.182603
24.704000,1.093555,332.421548,259.740366
24.712000,0.999995,338.424468,259.229007
24.720000,0.961273,337.703827,263.020955
24.728000,0.993550,336.290973,261.453562
24.736000,0.806432,337.850594,262.156164
24.744000,0.890323,335.795052,264.860691
24.752000,0.970941,331.504909,263.635153
24.760000,0.954827,343.081239,258.739074
24.768000,1.032273,337.700586,262.274319
24.776000,0.899991,344.408618,266.911609
24.784000,0.887100,337.113559,264.076897
24.792000,0.951604,339.790443,260.602244
24.800000,0.909659,333.509818,262.878495
24.808000,1.348400,336.384219,265.339376
24.816000,1.838705,338.419118,265.416395
24.824000,2.264504,342.020427,267.961846
24.832000,1.758087,338.942374,269.049913
24.840000,0.970941,335.767031,265.171673
24.848000,0.738705,338.181425,266.177924
24.856000,0.729036,337.819429,267.773647
24.864000,0.790318,344.023897,263.993371
24.872000,0.790318,341.273504,265.059596
24.880000,0.793541,337.286791,265.854542
24.888000,0.729036,336.321574,262.083004
24.896000,0.793541,338.379573,266.438314
24.904000,0.867713,331.742545,265.497868
24.912000,0.903214,337.998533,264.817768
24.920000,0.812877,339.080806,266.671536
24.928000,1.035496,340.064908,264.577298
24.936000,0.909659,336.172555,265.984007
24.944000,0.964495,341.478829,261.054544
24.952000,1.074168,339.602673,261.431679
24.960000,1.083886,345.145429,260.926321
24.968000,0.996773,341.638898,266.623570
24.976000,1.129004,341.552182,261.997357
24.984000,1.138723,333.020660,261.176547
24.992000,0.958050,341.327514,263.672851
25.000000,1.103223,341.413050,259.183782
25.008000,0.977386,342.754407,259.906202
25.016000,1.203227,344.810341,263.686002
25.024000,1.080613,336.690655,262.818367
25.032000,1.025777,340.708818,261.377459
25.040000,1.125782,340.913665,261.236479
25.048000,0.890323,339.431960,251.919948
25.056000,1.003218,337.930501,260.953594
25.064000,0.983882,338.633247,257.402562
25.072000,0.806432,339.493235,262.960549
25.080000,1.025777,338.328834,264.595042
25.088000,0.883877,343.529799,260.939752
25.096000,0.948382,337.085868,257.215929
25.104000,0.906436,339.262200,264.424763
25.112000,0.867713,341.744629,257.771390
25.120000,0.983882,338.758620,259.403700
25.128000,0.841932,340.789323,256.740743
25.136000,0.987105,337.556273,259.690620
25.144000,1.061277,336.321420,257.920776
25.152000,0.987105,337.798389,259.476100
25.160000,1.006441,335.634328,262.979327
25.168000,1.070945,337.993601,257.730984
25.176000,0.929046,337.328040,257.194658
25.184000,0.883877,335.588398,258.534428
25.192000,0.974163,332.050515,262.135628
25.200000,0.961273,337.861299,261.731815
25.208000,0.954827,336.015647,258.772347
25.216000,0.999995,334.613494,265.610177
25.224000,1.012886,335.783184,260.731321
25.232000,0.935491,334.778133,258.398098
25.240000,0.925772,337.960385,262.542908
25.248000,0.880655,338.292592,259.557157
25.256000,0.945159,333.548565,261.252224
25.264000,0.880655,338.654412,262.932683
25.272000,0.851600,333.508684,263.389564
25.280000,0.832264,333.017773,264.173614
25.288000,0.651591,336.579377,255.668663
25.296000,0.764486,337.806891,261.387860
25.304000,0.838709,338.595103,262.704344
25.312000,0.841932,335.962177,262.760925
25.320000,0.719318,338.845379,259.118575
25.328000,0.780650,331.176973,265.039977
25.336000,0.764486,332.067121,261.074269
25.344000,0.925772,337.719121,265.229342
25.352000,0.829041,335.079801,265.094101
25.360000,0.748373,331.575591,255.892076
25.368000,0.719318,338.671354,265.440771
25.376000,0.677423,338.658301,260.802228
25.384000,0.719318,331.440235,269.549652
25.392000,0.725814,334.476723,265.607848
25.400000,0.635477,327.719214,263.472413
25.408000,0.748373,337.662249,265.213240
25.416000,0.716095,340.507669,262.907855
25.424000,0.645145,336.827200,265.019009
25.432000,0.712873,333.800887,258.931206
25.440000,0.748373,339.716555,266.159092
25.448000,0.725814,338.081920,262.324469
25.456000,1.409682,335.416138,265.202250
25.464000,2.067768,337.230841,261.135074
25.472000,2.161277,332.553520,260.483364
25.480000,0.909659,332.238313,258.367269
25.488000,0.790318,333.852634,265.015406
25.496000,0.664482,340.425483,265.265413
25.504000,0.596754,340.077363,260.338564
25.512000,0.658036,337.469568,259.492965
25.520000,0.696759,341.593528,261.891459
25.528000,0.699982,335.172488,261.417300
25.536000,0.864491,342.037506,261.692010
25.544000,0.832264,340.936218,263.783151
25.552000,0.829041,338.571005,264.571344
25.560000,1.109668,340.923748,264.079977
25.568000,0.983882,337.459833,264.636803
25.576000,0.929046,335.209769,264.096953
25.584000,1.100000,339.817633,265.195381
25.592000,1.009664,341.163696,267.825380
25.600000,1.038718,338.610372,263.622753
25.608000,1.254841,333.072040,268.519514
25.616000,0.996773,335.905670,264.623224
25.624000,1.209673,339.656893,264.904798
25.632000,1.251618,343.055806,266.661923
25.640000,1.264509,338.203172,265.659247
25.648000,1.235454,338.181858,259.617588
25.656000,1.112891,334.474651,260.564028
25.664000,1.264509,335.492803,269.496175
25.672000,1.216118,342.920379,268.471775
25.680000,1.180618,339.716327,262.891510
25.688000,1.206450,342.747068,268.937486
25.696000,1.141946,339.981606,265.128126
25.704000,1.083886,340.676857,270.315783
25.712000,1.125782,340.831545,264.857650
25.720000,1.009664,339.512269,262.220037
25.728000,1.061277,338.521530,259.476593
25.736000,0.970941,338.020937,260.283533
25.744000,1.029000,335.758043,265.882868
25.752000,0.996773,345.988394,263.556637
25.760000,0.999995,340.978718,258.370352
25.768000,1.116114,343.065756,260.714841
25.776000,1.090332,342.977429,261.081039
25.784000,1.025777,340.685785,261.078746
25.792000,1.087109,338.336969,258.327166
25.800000,1.261286,342.403851,257.692550
25.808000,1.190336,342.125017,259.165827
25.816000,1.041941,341.073706,260.432147
25.824000,1.183841,340.983750,258.363284
25.832000,1.041941,342.385561,261.508779
25.840000,1.041941,340.111498,259.063362
25.848000,0.993550,339.122829,258.605461
25.856000,1.196782,345.524317,266.163447
25.864000,0.958050,343.833278,260.096493
25.872000,1.245173,340.374687,257.754667
25.880000,1.032273,338.459399,259.630032
25.888000,1.148391,336.309329,265.368786
25.896000,1.061277,337.866995,262.660326
25.904000,1.116114,340.677051,257.129206
25.912000,1.096777,338.405522,261.459347
25.920000,0.996773,333.921148,259.276402
25.928000,1.167727,337.546433,264.686066
25.936000,1.077391,338.603765,260.882112
25.944000,1.219341,336.245302,259.621181
25.952000,1.048386,339.700823,264.859875
25.960000,1.351623,330.348443,256.234796
25.968000,1.180618,336.998673,258.187218
25.976000,1.209673,333.809879,262.497566
25.984000,1.087109,332.395742,257.700166
25.992000,1.219341,333.363121,264.477966
26.000000,1.219341,338.246897,263.145615
26.008000,1.200005,336.947230,260.007437
26.016000,1.116114,335.139355,261.852381
26.024000,0.987105,333.652963,259.016810
26.032000,1.238727,331.696072,260.676380
26.040000,1.132227,337.839412,261.542261
26.048000,1.158059,334.843665,263.176246
26.056000,1.151614,335.207779,258.967011
26.064000,1.074168,333.422298,264.744493
26.072000,1.316123,337.385524,261.331195
26.080000,1.764532,336.822839,259.316964
26.088000,2.603241,336.151378,257.922912
26.096000,2.306450,337.808561,259.686421
26.104000,1.258064,338.556721,260.014117
26.112000,1.022554,334.448788,265.302563
26.120000,2.890364,335.114198,260.589858
26.128000,2.529068,335.274984,265.538686
26.136000,2.716136,334.924078,261.886421
26.144000,2.354841,334.103728,263.138997
26.152000,1.361291,337.012988,263.915526
26.160000,1.016109,341.111671,267.277632
26.168000,0.664482,333.565010,266.920359
26.176000,0.719318,336.207256,260.860432
26.184000,0.767709,336.067666,257.808021
26.192000,0.883877,334.789159,263.011821
26.200000,0.722591,340.042335,264.166257
26.208000,0.612868,337.702718,262.923175
26.216000,0.551586,331.404291,260.706732
26.224000,0.677423,341.035842,269.258184
26.232000,0.696759,334.893175,261.841196
26.240000,0.687091,338.763082,258.811332
26.248000,0.761263,336.181810,257.377278
26.256000,0.799986,335.946608,258.410543
26.264000,0.780650,341.180157,260.232034
26.272000,0.858045,336.777682,258.086460
26.280000,0.899991,338.652268,263.374496
26.288000,0.948382,335.871588,265.376939
26.296000,0.858045,336.581808,261.157692
26.304000,0.867713,340.017923,267.801472
26.312000,0.854823,337.805302,259.610022
26.320000,0.790318,340.277547,261.058757
26.328000,0.858045,340.747934,262.584406
26.336000,0.687091,340.557192,264.866016
26.344000,0.767709,342.151187,264.927436
26.352000,0.703204,339.271137,263.859039
26.360000,0.687091,341.989483,268.746282
26.368000,0.777427,343.763907,264.758254
26.376000,0.780650,339.256934,264.313702
26.384000,0.832264,345.804581,256.566072
26.392000,0.851600,338.556396,262.197024
26.400000,0.880655,339.221236,266.111830
26.408000,0.819322,341.349279,261.132157
26.416000,0.922550,337.442558,266.151823
26.424000,0.845154,338.464794,266.416325
26.432000,0.925772,337.375280,266.508999
26.440000,0.851600,340.201458,265.409307
26.448000,0.883877,335.699932,267.541965
26.456000,0.890323,336.711241,262.518636
26.464000,0.961273,339.740140,260.885725
26.472000,0.783873,339.541044,268.435021
26.480000,0.761263,336.061521,271.981606
26.488000,0.906436,338.128997,264.827460
26.496000,0.767709,338.133741,262.210759
26.504000,0.993550,340.181125,263.031675
26.512000,0.712873,343.952834,268.146565
26.520000,0.954827,337.506736,265.604240
26.528000,0.787095,342.036812,265.333151
26.536000,0.693536,340.330169,262.141456
26.544000,0.819322,339.077024,258.863467
26.552000,0.841932,345.895084,260.443321
26.560000,0.796764,338.088702,259.470763
26.568000,0.977386,343.994339,262.314570
26.576000,0.922550,340.094727,260.507119
26.584000,0.899991,340.076475,257.600447
26.592000,0.996773,336.709803,257.073624
26.600000,0.877432,339.455886,260.447442
26.608000,1.035496,342.849867,260.881866
26.616000,0.990327,343.409253,259.844213
26.624000,1.158059,338.438726,259.389329
26.632000,1.267732,339.615263,261.528714
26.640000,1.280623,339.247184,258.365694
26.648000,1.129004,341.780546,257.665167
26.656000,1.070945,342.663727,257.811901
26.664000,1.200005,342.027573,262.716197
26.672000,1.470964,338.429214,262.970058
26.680000,1.583859,338.407121,268.996441
26.688000,1.596750,336.395966,261.170607
26.696000,1.645141,338.855118,263.551234
26.704000,1.548409,337.987090,263.234731
26.712000,1.461295,340.661643,259.415934
26.720000,1.490300,331.601858,257.703408
26.728000,2.109664,332.629489,258.214733
26.736000,2.312895,338.112829,262.301191
26.744000,1.677418,338.734555,259.422125
26.752000,0.683868,338.962155,259.905626
26.760000,0.545141,336.723464,259.591407
26.768000,0.635477,331.750363,262.788334
26.776000,0.525805,337.109482,257.609529
26.784000,0.551586,331.715871,263.662847
26.792000,0.609645,336.127517,259.852652
26.800000,0.561254,336.371968,257.947520
26.808000,0.651591,334.660822,259.948519
26.816000,0.577418,341.141364,255.860292
26.824000,0.677423,332.501992,259.764124
26.832000,0.758041,341.764965,261.284782
26.840000,0.735482,334.998639,258.853749
26.848000,0.961273,336.415325,262.640177
26.856000,0.809654,336.145184,256.383378
26.864000,0.816100,333.242474,263.287643
26.872000,1.032273,340.010544,264.100969
26.880000,0.974163,336.713401,258.639279
26.888000,1.009664,343.605834,261.229181
26.896000,1.090332,335.034302,266.704184
26.904000,0.974163,335.905536,259.847232
26.912000,1.080613,333.894553,264.379398
26.920000,1.093555,335.299260,266.920016
26.928000,1.090332,331.731434,266.463597
26.936000,1.045164,338.640555,263.747788
26.944000,0.996773,332.431058,271.844889
26.952000,1.009664,340.015602,262.517774
26.960000,1.041941,335.061822,263.449426
26.968000,1.045164,336.593911,265.682895
26.976000,1.035496,333.523994,261.082596
26.984000,0.838709,338.353043,263.644191
26.992000,0.832264,335.538076,260.765748
27.000000,0.783873,339.341924,266.108511
27.008000,0.716095,335.706679,264.916017
27.016000,0.858045,333.052178,260.551252
27.024000,0.825818,337.322987,269.804551
27.032000,0.867713,340.842885,264.373690
27.040000,0.903214,334.092830,261.539241
27.048000,0.874159,338.153584,262.411034
27.056000,1.029000,336.724760,259.527923
27.064000,0.945159,336.092858,263.355757
27.072000,0.983882,340.178985,263.474466
27.080000,0.848377,334.967080,263.864557
27.088000,0.909659,341.423365,262.335777
27.096000,0.999995,337.916061,265.943128
27.104000,0.980659,338.726242,266.994406
27.112000,0.951604,338.768005,266.998777
27.120000,1.006441,336.548174,263.069413
27.128000,1.012886,333.640030,262.857143
27.136000,0.919327,337.711209,261.653711
27.144000,0.932268,340.481808,266.328446
27.152000,0.954827,341.054494,266.615230
27.160000,0.951604,336.772977,261.659964
27.168000,0.999995,338.912742,265.554609
27.176000,0.970941,337.341155,264.290184
27.184000,0.961273,339.187771,269.115514
27.192000,1.022554,340.943654,265.613108
27.200000,1.100000,334.330473,262.780212
27.208000,0.967718,337.563709,263.989392
27.216000,1.019332,340.469249,261.152624
27.224000,1.012886,337.501286,266.681931
27.232000,1.035496,332.263550,265.857634
27.240000,1.061277,340.497243,260.321803
27.248000,1.183841,335.547484,260.644131
27.256000,0.996773,336.935571,264.037692
27.264000,0.977386,341.565553,265.671792
27.272000,1.090332,344.757784,261.312233
27.280000,0.858045,342.301179,261.554213
27.288000,0.996773,338.173171,265.369722
27.296000,0.990327,339.419730,260.272124
27.304000,0.945159,335.885421,263.827368
27.312000,1.016109,337.186494,260.343571
27.320000,0.954827,345.554682,263.598976
27.328000,0.935491,339.652521,251.215624
27.336000,1.083886,342.833311,259.698000
27.344000,0.954827,338.994939,262.410792
27.352000,0.951604,339.448465,257.873585
27.360000,1.012886,343.441957,259.198564
27.368000,1.458073,344.820082,257.363504
27.376000,1.906432,340.408036,256.010373
27.384000,2.225832,336.343730,269.275336
27.392000,1.590304,335.720050,260.530675
27.400000,0.983882,342.349730,262.170623
27.408000,0.599977,340.216170,261.667635
27.416000,0.812877,337.051385,258.409357
27.424000,0.748373,342.662240,258.096186
27.432000,0.841932,340.509009,259.988840
27.440000,0.729036,341.644452,255.001338
27.448000,0.738705,333.368518,258.049387
27.456000,0.767709,335.483986,258.695275
27.464000,0.793541,337.693075,254.937934
27.472000,0.845154,334.038082,261.028901
27.480000,0.967718,337.009608,261.357542
27.488000,0.864491,338.426213,262.337114
27.496000,1.100000,336.943180,261.894574
27.504000,0.961273,339.044740,261.505506
27.512000,0.987105,335.697245,257.582113
27.520000,1.100000,339.781003,263.104053
27.528000,1.054832,333.157937,260.511065
27.536000,1.048386,336.579171,266.273533
27.544000,1.287068,333.722247,264.352779
27.552000,1.180618,333.852836,257.048269
27.560000,1.196782,335.095269,265.429536
27.568000,1.206450,335.900477,261.764066
27.576000,1.116114,328.434057,254.919316
27.584000,1.090332,335.508287,257.216663
27.592000,1.167727,337.989665,262.253505
27.600000,1.235454,339.124699,262.846207
27.608000,1.067723,328.819442,260.469607
27.616000,1.064500,336.513061,262.567005
27.624000,1.154836,335.626790,263.358328
27.632000,0.945159,338.208816,259.359819
27.640000,0.974163,336.518298,261.232836
27.648000,0.874159,333.650606,262.286224
27.656000,0.854823,336.533910,260.042423
27.664000,0.880655,338.161501,261.325769
27.672000,0.954827,335.503195,263.444724
27.680000,1.035496,334.280692,258.297912
27.688000,0.861268,334.261058,262.292376
27.696000,0.948382,334.949749,266.815738
27.704000,0.983882,341.262197,261.732296
27.712000,1.022554,336.351045,263.821682
27.720000,0.983882,334.286183,265.254066
27.728000,0.974163,334.675137,260.065406
27.736000,0.938714,337.338372,265.834451
27.744000,1.045164,334.980494,269.854245
27.752000,0.983882,336.024853,263.796193
27.760000,0.999995,338.070534,263.179359
27.768000,0.912882,336.978275,261.326335
27.776000,1.058054,337.010471,263.098465
27.784000,0.887100,333.691131,260.398567
27.792000,0.993550,336.948093,262.575210
27.800000,0.945159,339.318907,264.335887
27.808000,0.867713,335.962699,262.234674
27.816000,0.970941,331.530781,262.282478
27.824000,0.999995,338.010066,261.676622
27.832000,0.780650,332.344278,263.347410
27.840000,0.893545,341.240844,265.124470
27.848000,0.977386,335.017652,262.964184
27.856000,0.787095,335.796157,269.341426
27.864000,0.929046,335.235354,265.358698
27.872000,0.941936,337.092635,268.686336
27.880000,1.048386,341.762591,259.470110
27.888000,0.780650,340.335202,262.436758
27.896000,0.996773,339.267526,261.067986
27.904000,0.780650,336.785501,260.888396
27.912000,0.693536,334.584212,265.106153
27.920000,0.822545,338.111427,271.558995
27.928000,0.758041,343.110789,265.991923
27.936000,0.754818,338.216381,263.421143
27.944000,0.835486,336.162996,268.344857
27.952000,0.883877,339.333789,264.827390
27.960000,0.803209,335.863824,267.745419
27.968000,0.787095,342.204950,267.964109
27.976000,0.935491,340.144140,263.180579
27.984000,0.758041,336.558131,260.209947
27.992000,0.770932,339.510331,268.709447
28.000000,1.470964,334.930357,261.148773
28.008000,2.148386,335.584024,261.889782
28.016000,2.087105,337.448000,262.867556
28.024000,1.074168,331.747540,258.543627
28.032000,0.570973,337.593715,262.681799
28.040000,0.748373,342.941690,265.914973
28.048000,0.583864,339.974403,265.226400
28.056000,0.619364,341.476955,265.385858
28.064000,0.658036,340.982584,261.008905
28.072000,0.519359,339.233123,259.433912
28.080000,0.777427,342.069719,259.555219
28.088000,0.867713,341.826175,255.647190
28.096000,0.790318,341.325040,261.142523
28.104000,0.890323,340.588719,260.400683
28.112000,0.761263,338.994407,264.232778
28.120000,0.922550,339.878883,257.983468
28.128000,0.932268,342.165602,257.675204
28.136000,0.983882,335.290598,259.272382
28.144000,1.003218,340.252953,261.801096
28.152000,0.987105,340.485167,258.408527
28.160000,0.999995,338.179964,260.120465
28.168000,1.093555,342.202331,260.315230
28.176000,1.103223,340.119408,259.451318
28.184000,1.061277,339.568821,257.948361
28.192000,1.219341,339.171164,259.711137
28.200000,1.132227,343.512905,256.674539
28.208000,1.154836,339.018886,262.174421
28.216000,1.109668,338.987330,264.239056
28.224000,1.048386,340.400857,262.356134
28.232000,1.135500,340.586944,258.122106
28.240000,0.993550,338.307414,260.861491
28.248000,1.025777,339.800736,261.822799
28.256000,0.945159,338.020701,260.700662
28.264000,0.967718,340.771709,259.643124
28.272000,0.899991,338.462711,260.205136
28.280000,0.864491,334.900725,257.562078
28.288000,0.996773,335.983187,259.742866
28.296000,0.945159,338.449858,264.768108
28.304000,1.038718,336.157815,264.801302
28.312000,0.870936,337.017220,259.011883
28.320000,0.887100,337.332761,262.464278
28.328000,1.022554,336.628996,258.595719
28.336000,0.974163,332.534749,258.204474
28.344000,1.012886,333.224615,257.054186
28.352000,0.987105,337.001778,256.844963
28.360000,0.961273,337.018770,260.395632
28.368000,1.016109,334.053080,261.167808
28.376000,0.903214,339.200304,267.782327
28.384000,1.151614,341.397429,254.694995
28.392000,0.977386,339.801642,261.384054
28.400000,0.825818,336.675236,259.613758
28.408000,0.987105,338.527658,259.990935
28.416000,0.948382,336.671650,259.703370
28.424000,0.935491,333.778596,257.063982
28.432000,1.032273,338.007651,264.194531
28.440000,1.064500,333.253703,259.043059
28.448000,1.032273,332.531761,263.534383
28.456000,1.087109,338.274414,266.319086
28.464000,1.016109,336.621920,263.303624
28.472000,1.058054,339.686848,263.583856
28.480000,1.022554,336.511249,265.494766
28.488000,1.222564,336.209691,257.629341
28.496000,1.193559,333.071396,269.176154
28.504000,1.080613,338.299234,263.858868
28.512000,0.964495,337.472959,258.171062
28.520000,1.145168,335.590391,265.755473
28.528000,0.829041,333.322825,260.158250
28.536000,1.051609,331.051799,264.206240
28.544000,0.983882,336.879728,266.392913
28.552000,0.948382,339.087292,262.444960
28.560000,1.006441,333.780580,258.289278
28.568000,0.970941,331.774737,261.762176
28.576000,0.974163,332.642290,257.647443
28.584000,1.038718,334.888161,262.762188
28.592000,1.009664,340.996163,260.093982
28.600000,0.912882,342.357853,265.734752
28.608000,1.245173,339.167306,265.748039
28.616000,1.893541,338.864317,257.329902
28.624000,2.500014,341.695616,257.846139
28.632000,2.080659,335.505738,260.482903
28.640000,1.074168,344.637552,261.688286
28.648000,0.809654,336.516255,262.523206
28.656000,0.796764,343.886772,263.363355
28.664000,0.790318,340.047683,264.673521
28.672000,0.751595,339.620967,261.034140
28.680000,0.712873,338.415415,262.077098
28.688000,0.845154,338.650462,264.218641
28.696000,0.970941,338.294358,263.200699
28.704000,0.851600,341.312209,266.183518
28.712000,0.890323,346.036282,264.996017
28.720000,1.022554,342.296530,267.032555
28.728000,0.951604,333.388582,268.086351
28.736000,0.967718,335.643066,266.668175
28.744000,1.012886,337.316105,263.602165
28.752000,1.058054,334.504234,265.799953
28.760000,1.016109,340.016221,265.926431
28.768000,1.138723,337.847226,265.159567
28.776000,1.158059,333.536350,265.045898
28.784000,1.141946,341.362696,264.008180
28.792000,1.200005,339.276708,261.450227
28.800000,1.167727,341.036080,259.808430
28.808000,1.229009,340.814948,260.491229
28.816000,1.248396,338.415783,266.594273
28.824000,1.167727,339.568771,263.796204
28.832000,1.048386,342.592529,262.851040
28.840000,1.196782,342.786569,263.523123
28.848000,1.074168,341.239756,260.457184
28.856000,1.151614,340.859113,261.112689
28.864000,1.061277,341.063488,263.814564
28.872000,0.987105,341.747100,261.376462
28.880000,0.912882,340.539806,263.539168
28.888000,0.922550,340.603306,264.854068
28.896000,0.864491,341.997549,262.486500
28.904000,0.961273,344.050708,260.329340
28.912000,0.874159,337.383310,257.763798
28.920000,0.964495,338.527310,259.339636
28.928000,0.967718,342.420720,261.098629
28.936000,1.022554,338.848550,256.552422
28.944000,1.003218,335.807857,261.714143
28.952000,0.974163,338.743918,258.640082
28.960000,1.016109,338.833059,261.148102
28.968000,0.945159,338.851268,262.446170
28.976000,1.029000,343.442341,260.260379
28.984000,1.048386,339.255857,259.746865
28.992000,1.054832,334.952482,259.251102
29.000000,1.074168,336.832516,260.912309
29.008000,1.074168,333.136659,262.580293
29.016000,1.016109,338.616598,257.932230
29.024000,1.016109,340.643427,263.029621
29.032000,1.109668,340.077892,261.567388
29.040000,1.038718,339.084498,260.559250
29.048000,1.064500,334.846092,259.851654
29.056000,0.948382,338.127597,267.655970
29.064000,1.100000,341.636322,256.544072
29.072000,1.038718,335.355360,256.643043
29.080000,1.064500,341.800985,254.463945
29.088000,1.051609,336.780089,264.171786
29.096000,1.151614,334.876649,257.493947
29.104000,1.161282,341.442429,258.109813
29.112000,1.319345,333.483218,263.792723
29.120000,1.154836,337.622000,264.264059
29.128000,1.174173,343.307105,258.751918
29.136000,1.090332,335.663323,260.004440
29.144000,1.064500,332.629430,259.357798
29.152000,0.941936,332.561065,260.466341
29.160000,1.083886,329.396903,254.920402
29.168000,0.999995,332.897023,255.782242
29.176000,1.100000,332.462715,262.187915
29.184000,0.974163,337.365399,258.564519
29.192000,1.041941,331.479662,258.717330
29.200000,1.025777,337.101347,259.847959
29.208000,1.080613,340.251357,257.984839
29.216000,1.035496,336.201742,260.217457
29.224000,1.022554,338.823843,259.739553
29.232000,1.296786,336.401584,264.279859
29.240000,1.812923,332.870289,258.135869
29.248000,2.512905,338.713605,262.761467
29.256000,2.245168,342.194716,266.284477
29.264000,1.141946,339.526304,260.868866
29.272000,0.770932,332.508812,259.059675
29.280000,0.790318,341.172166,266.612991
29.288000,0.729036,334.452951,268.849469
29.296000,0.758041,333.386970,260.860232
29.304000,0.841932,334.848927,266.355840
29.312000,0.806432,330.296416,261.489105
29.320000,0.954827,338.871300,259.543164
29.328000,0.848377,340.469386,261.964118
29.336000,0.925772,326.139002,254.465927
29.344000,0.961273,330.543920,265.203999
29.352000,0.899991,340.137890,259.876791
29.360000,1.022554,337.235703,259.639884
29.368000,1.025777,331.746693,260.428430
29.376000,0.999995,338.392545,260.458364
29.384000,1.083886,333.543689,263.797090
29.392000,1.048386,336.511450,266.322176
29.400000,1.093555,338.540198,265.607395
29.408000,1.096777,338.075700,257.774228
29.416000,1.074168,337.677660,260.850799
29.424000,1.274177,339.600817,264.504735
29.432000,1.154836,341.628151,264.593142
29.440000,1.174173,338.336682,267.082453
29.448000,1.132227,335.022006,263.917167
29.456000,1.180618,339.461364,264.492088
29.464000,1.167727,340.677392,267.728038
29.472000,1.122559,338.655867,265.334082
29.480000,1.148391,333.561771,262.529905
29.488000,0.996773,341.700905,265.411591
29.496000,1.058054,335.620294,262.346596
29.504000,0.832264,336.938723,266.049213
29.512000,0.954827,333.846214,266.075841
29.520000,0.864491,334.535389,266.681220
29.528000,0.951604,338.802939,266.109450
29.536000,0.864491,334.485630,264.395269
29.544000,0.867713,336.715948,263.950990
29.552000,0.816100,340.337484,263.066990
29.560000,0.961273,337.033715,265.481190
29.568000,0.877432,339.197796,266.189092
29.576000,1.016109,338.012148,264.290782
29.584000,0.909659,342.084925,262.637142
29.592000,1.041941,336.727729,263.509358
29.600000,0.954827,340.428175,266.416023
29.608000,0.999995,340.310091,259.234130
29.616000,0.961273,337.915227,264.365938
29.624000,0.999995,338.978704,262.549884
29.632000,0.935491,334.620881,259.145179
29.640000,0.919327,340.975724,260.040936
29.648000,0.958050,341.111731,263.002157
29.656000,1.100000,336.831586,259.659536
29.664000,0.945159,343.679545,264.230244
29.672000,0.983882,347.471777,256.069316
29.680000,0.974163,336.781448,257.018466
29.688000,0.970941,340.917435,258.464524
29.696000,0.961273,340.129666,259.640079
29.704000,0.938714,341.178968,259.676556
29.712000,0.909659,332.381657,257.725776
29.720000,1.009664,336.590841,261.625500
29.728000,0.925772,341.312289,259.073505
29.736000,1.077391,341.849021,260.528843
29.744000,1.006441,335.585959,255.052988
29.752000,1.109668,344.771640,259.939044
29.760000,1.058054,342.701157,259.924150
29.768000,0.974163,337.999423,256.864999
29.776000,1.009664,345.348049,260.397316
29.784000,0.974163,340.812976,260.501672
29.792000,0.929046,339.427008,261.395717
29.800000,0.861268,336.914166,259.461023
29.808000,0.893545,336.422614,262.235868
29.816000,0.948382,334.272627,266.233344
29.824000,0.945159,337.361878,261.283741
29.832000,1.012886,342.850633,255.296334
29.840000,0.819322,336.077732,267.279774
29.848000,1.006441,337.953381,257.581408
29.856000,1.012886,333.093845,259.885563
29.864000,0.954827,334.723116,265.438044
29.872000,1.222564,335.324093,259.188820
29.880000,1.583859,334.253322,258.090915
29.888000,2.303227,336.451029,261.972611
29.896000,2.064546,333.100198,259.435565
29.904000,1.174173,334.894240,261.459232
29.912000,0.867713,339.651562,259.161572
29.920000,0.696759,337.100582,260.939619
29.928000,0.703204,335.799375,262.361430
29.936000,0.735482,335.073306,260.122497
29.944000,0.729036,331.009702,259.674269
29.952000,0.761263,333.111767,260.148206
29.960000,0.858045,335.477971,263.414673
29.968000,0.816100,342.257668,254.754956
29.976000,0.874159,335.874671,259.951758
29.984000,0.874159,337.234572,259.366507
29.992000,0.980659,333.829081,267.865479
30.000000,0.912882,335.875692,264.616582
30.008000,0.964495,338.583434,260.699040
30.016000,1.129004,336.988972,259.733591
30.024000,0.896768,338.597068,263.982179
30.032000,1.038718,335.744835,262.944009
30.040000,1.135500,334.483147,262.712384
30.048000,1.061277,329.080501,258.969459
30.056000,1.116114,338.057337,258.788520
30.064000,1.100000,336.912162,262.266526
30.072000,1.183841,333.989539,263.292407
30.080000,1.138723,337.214088,264.622884
30.088000,1.219341,335.187534,261.679355
30.096000,0.948382,326.863106,264.415408
30.104000,1.190336,335.388645,259.794715
30.112000,1.051609,335.686131,268.386140
30.120000,1.090332,337.410022,266.948291
30.128000,0.948382,333.016994,264.948493
30.136000,1.003218,336.610153,263.757022
30.144000,0.880655,334.245572,264.613604
30.152000,0.999995,336.901828,264.969288
30.160000,0.806432,339.305202,265.605891
30.168000,0.845154,340.104791,260.655781
30.176000,0.909659,338.717424,269.456661
30.184000,0.935491,336.301595,261.921766
30.192000,0.948382,334.154052,260.262008
30.200000,0.861268,333.952705,264.461093
30.208000,1.003218,336.798981,265.301057
30.216000,1.009664,340.077220,264.317196
30.224000,0.935491,342.687665,267.889221
30.232000,1.006441,339.223886,270.348598
30.240000,0.864491,342.418238,265.893190
30.248000,1.051609,339.753814,266.548833
30.256000,0.916104,334.181856,264.591092
30.264000,0.958050,342.223677,266.974403
30.272000,1.003218,338.193665,266.720486
30.280000,0.983882,334.709093,269.288508
30.288000,0.951604,336.084328,266.654005
30.296000,0.977386,336.739475,264.959944
30.304000,1.006441,340.106851,264.326411
30.312000,0.945159,341.968417,265.690583
30.320000,1.106445,341.524017,265.530788
30.328000,0.932268,339.099052,265.448075
30.336000,0.909659,332.029754,271.127912
30.344000,0.935491,340.884268,268.131669
30.352000,0.967718,337.138761,262.878690
30.360000,1.058054,346.318513,266.361822
30.368000,0.858045,342.488119,263.877042
30.376000,1.187114,339.967822,259.643777
30.384000,1.090332,337.584218,261.655765
30.392000,1.129004,341.881225,261.459806
30.400000,1.038718,341.167200,260.001372
30.408000,0.996773,345.113498,257.415491
30.416000,0.964495,340.725831,259.245322
30.424000,0.945159,339.391591,256.592045
30.432000,1.006441,342.764397,259.626106
30.440000,0.967718,342.749632,260.043977
30.448000,0.945159,341.566915,259.568986
30.456000,0.919327,338.808773,263.165745
30.464000,0.990327,340.630524,263.674956
30.472000,1.048386,342.297605,259.096529
30.480000,0.941936,340.943591,256.720239
30.488000,1.012886,339.135270,265.095269
30.496000,0.896768,340.838844,256.090439
30.504000,1.067723,333.538303,258.852857
30.512000,1.845150,340.117359,259.913223
30.520000,2.345173,333.397274,256.699753
30.528000,2.103218,335.487923,260.282914
30.536000,1.109668,339.798131,258.039872
30.544000,0.806432,336.373242,257.095084
30.552000,0.635477,341.982520,257.909964
30.560000,0.777427,340.875985,256.527813
30.568000,0.719318,332.656278,262.482262
30.576000,0.758041,334.881479,263.852842
30.584000,0.754818,329.200265,262.474268
30.592000,0.806432,339.303411,258.260910
30.600000,0.877432,336.715326,259.905524
30.608000,0.874159,336.069964,259.025718
30.616000,0.848377,332.533810,261.050162
30.624000,0.970941,337.167403,258.363699
30.632000,1.041941,338.074431,264.533406
30.640000,0.970941,335.850106,260.100804
30.648000,1.106445,336.888666,261.540542
30.656000,1.093555,339.331991,261.548441
30.664000,1.051609,337.212096,257.734885
30.672000,1.145168,338.203716,257.163095
30.680000,1.100000,339.097044,255.286629
30.688000,1.170950,334.730172,258.773231
30.696000,1.125782,339.012240,263.859456
30.704000,1.203227,340.361261,255.204820
30.712000,1.193559,334.692221,261.470103
30.720000,1.158059,336.816302,259.853943
30.728000,1.151614,336.646983,261.589175
30.736000,1.264509,340.316241,260.644447
30.744000,1.164504,333.801856,266.824570
30.752000,1.161282,333.556132,262.726307
30.760000,1.054832,336.156065,262.837229
30.768000,1.022554,331.469235,261.756062
30.776000,1.051609,335.590495,268.002786
30.784000,0.945159,334.615161,265.023240
30.792000,1.054832,330.957388,260.830711
30.800000,0.841932,340.860128,256.451811
30.808000,1.012886,331.880248,263.703026
30.816000,0.987105,334.512988,264.441207
30.824000,1.016109,334.036165,265.434252
30.832000,0.880655,338.120718,260.917702
30.840000,1.119336,336.036936,261.210713
30.848000,1.048386,333.812058,260.447636
30.856000,0.999995,334.438489,269.581267
30.864000,1.067723,337.588360,262.639879
30.872000,0.819322,333.796797,261.906034
30.880000,1.054832,332.057871,263.381823
30.888000,1.087109,341.818832,258.321721
30.896000,0.938714,337.815621,261.203076
30.904000,0.887100,334.827693,265.412481
30.912000,0.919327,336.317674,262.888042
30.920000,0.958050,338.349769,257.654325
30.928000,0.848377,335.120187,263.735784
30.936000,1.045164,338.630219,263.820421
30.944000,0.777427,335.084659,268.367392
30.952000,0.925772,347.729557,264.668895
30.960000,0.996773,341.607871,265.612461
30.968000,0.858045,343.749818,263.951536
30.976000,1.074168,344.186246,265.107785
30.984000,0.970941,335.824961,268.005158
30.992000,0.967718,339.676488,263.770469
31.000000,0.970941,340.960512,269.321610
31.008000,1.096777,337.895850,266.214414
31.016000,1.067723,338.770739,266.373316
31.024000,0.929046,332.856015,266.407970
31.032000,1.064500,342.635295,265.021123
31.040000,0.999995,339.176504,259.849979
31.048000,0.899991,341.223362,267.314806
31.056000,0.887100,339.847952,259.002314
31.064000,0.958050,337.959937,264.050816
31.072000,0.961273,339.653616,260.878518
31.080000,0.887100,342.519421,262.492868
31.088000,0.961273,338.230353,264.157205
31.096000,0.948382,337.620797,266.903946
31.104000,1.029000,335.985964,268.101506
31.112000,1.051609,343.144447,263.173850
31.120000,0.735482,333.985666,268.304532
31.128000,1.116114,336.738168,268.956859
31.136000,1.761309,343.231475,264.008314
31.144000,2.287114,334.056061,263.424043
31.152000,2.145164,339.553283,265.384231
31.160000,1.106445,341.135445,265.665786
31.168000,0.816100,341.027316,259.945087
31.176000,0.658036,336.182271,262.826672
31.184000,0.699982,342.597289,258.713538
31.192000,0.854823,334.031099,261.612494
31.200000,0.777427,337.623755,256.977070
31.208000,0.832264,336.075105,260.017289
31.216000,0.903214,342.105940,261.358104
31.224000,0.809654,343.016979,259.591057
31.232000,0.880655,336.105592,260.406383
31.240000,1.025777,342.927129,259.449797
31.248000,0.903214,341.210083,262.020291
31.256000,1.054832,334.689060,262.147236
31.264000,1.061277,342.098926,259.562155
31.272000,0.951604,338.982063,257.563353
31.280000,1.083886,341.981330,256.334326
31.288000,1.174173,335.742732,258.903859
31.296000,1.119336,341.208869,261.231245
31.304000,1.064500,336.152549,260.460420
31.312000,1.238727,336.851878,261.688279
31.320000,1.154836,338.686532,261.086347
31.328000,1.138723,341.999481,261.872989
31.336000,1.158059,340.236456,261.945281
31.344000,1.116114,340.031642,262.459364
31.352000,1.177395,329.512089,257.598502
31.360000,1.219341,335.977431,260.914164
31.368000,1.180618,332.895181,259.174818
31.376000,0.941936,333.004658,265.040777
31.384000,1.009664,333.450794,258.572046
31.392000,1.029000,333.748731,257.703224
31.400000,0.851600,334.541167,263.659492
31.408000,0.954827,336.563832,261.906009
31.416000,0.925772,335.907719,258.703813
31.424000,0.812877,334.840975,256.116518
31.432000,0.832264,331.950932,255.893552
31.440000,0.945159,329.897770,263.057223
31.448000,0.912882,333.494727,266.600334
31.456000,0.970941,336.428996,262.982812
31.464000,0.929046,334.593455,262.286974
31.472000,1.141946,336.968087,257.124183
31.480000,1.093555,336.745708,260.335591
31.488000,0.951604,336.006268,268.045631
31.496000,1.012886,336.991646,258.931692
31.504000,1.032273,337.729259,260.756773
31.512000,1.090332,334.545095,261.182492
31.520000,0.987105,339.717281,263.647177
31.528000,0.993550,334.257298,261.675671
31.536000,1.096777,335.838702,264.834816
31.544000,1.087109,339.307861,259.167589
31.552000,1.051609,336.123035,260.035299
31.560000,1.041941,331.396431,263.241785
31.568000,0.980659,333.518266,263.774389
31.576000,1.029000,335.146689,262.916747
31.584000,0.983882,335.392121,261.956589
31.592000,0.964495,334.221582,264.131901
31.600000,1.070945,334.845803,262.243176
31.608000,1.141946,340.993827,263.030453
31.616000,1.064500,333.618607,264.038905
31.624000,1.074168,332.068261,263.395612
31.632000,1.058054,333.160962,262.616460
31.640000,1.129004,336.255276,263.782633
31.648000,1.100000,340.012962,261.018564
31.656000,1.077391,334.007234,261.216995
31.664000,1.138723,338.839360,258.698642
31.672000,1.177395,335.914703,267.272565
31.680000,1.080613,334.027977,262.990113
31.688000,1.035496,334.502761,258.112436
31.696000,1.158059,340.520208,263.655931
31.704000,0.980659,338.819810,262.911987
31.712000,0.990327,341.444603,260.309202
31.720000,1.006441,339.935772,260.558036
31.728000,1.003218,338.545369,261.027884
31.736000,1.029000,338.415019,269.482384
31.744000,1.038718,339.922764,258.764610
31.752000,1.100000,339.580839,263.231575
31.760000,1.058054,338.861483,266.807130
31.768000,0.987105,334.729721,268.605420
31.776000,1.087109,343.031962,262.637007
31.784000,1.454850,334.345532,264.056087
31.792000,2.335505,342.055241,262.567996
31.800000,2.467736,342.863234,266.340752
31.808000,1.509686,338.529504,266.262412
31.816000,0.912882,334.642821,263.978764
31.824000,0.770932,336.303131,266.922636
31.832000,0.790318,340.940385,265.541252
31.840000,0.858045,341.084106,260.003564
31.848000,0.887100,335.291265,264.077417
31.856000,0.835486,337.996687,265.262010
31.864000,0.854823,333.588716,261.156832
31.872000,0.993550,336.832866,266.128139
31.880000,0.987105,340.295222,262.333441
31.888000,0.958050,339.815321,263.346711
31.896000,0.974163,340.123372,268.917060
31.904000,0.912882,339.357867,263.775413
31.912000,1.058054,338.772608,259.987475
31.920000,1.183841,331.934260,265.452504
31.928000,1.045164,338.356924,261.995378
31.936000,1.106445,338.495175,263.661950
31.944000,1.122559,341.275130,264.735284
31.952000,1.083886,341.436865,260.927830
31.960000,1.203227,341.018302,263.563215
31.968000,0.964495,342.952056,264.039113
31.976000,1.222564,339.939846,257.667429
31.984000,1.248396,342.251563,259.122400
31.992000,1.196782,339.188674,263.843557
32.000000,0.954827,341.969027,260.590944
32.008000,1.138723,340.678532,261.720098
32.016000,1.029000,343.181594,260.769084
32.024000,1.138723,341.161238,263.987045
32.032000,0.980659,336.717246,262.186508
32.040000,0.896768,334.927055,263.398968
32.048000,0.929046,341.522907,257.084130
32.056000,0.880655,341.082103,259.597549
32.064000,0.880655,339.763890,251.419853
32.072000,0.829041,339.993125,257.780657
32.080000,0.854823,336.502025,257.842749
32.088000,0.893545,333.132243,258.138779
32.096000,0.958050,330.504867,259.963794
32.104000,0.887100,334.972804,260.618742
32.112000,0.780650,336.020520,259.550179
32.120000,0.909659,338.544698,261.089422
32.128000,0.919327,335.613261,261.445564
32.136000,0.919327,333.978151,258.218621
32.144000,0.880655,337.953522,260.013443
32.152000,1.012886,337.341738,259.984557
32.160000,0.903214,331.706031,259.127337
32.168000,0.948382,333.652916,263.060416
32.176000,0.880655,332.225228,262.357013
32.184000,0.893545,331.607200,260.205325
32.192000,0.858045,335.322567,255.498226
32.200000,0.841932,334.582995,257.863573
32.208000,0.835486,336.807152,260.868432
32.216000,0.941936,337.675171,264.634747
32.224000,0.858045,333.139198,263.451912
32.232000,0.767709,337.832494,256.953748
32.240000,0.777427,335.123572,255.234363
32.248000,0.961273,332.488985,259.956940
32.256000,0.822545,339.781114,267.896966
32.264000,0.790318,334.664202,257.430579
32.272000,0.683868,336.959380,262.979464
32.280000,0.838709,339.622704,262.003483
32.288000,0.774205,338.146197,260.825447
32.296000,0.838709,337.027256,263.609622
32.304000,0.738705,335.952521,260.110802
32.312000,0.767709,335.911448,259.669280
32.320000,0.870936,336.275499,264.034414
32.328000,0.783873,332.100218,260.287120
32.336000,0.941936,332.765251,265.147900
32.344000,0.880655,335.672935,260.108086
32.352000,0.812877,340.436751,260.393136
32.360000,0.970941,338.945944,262.575599
32.368000,0.748373,335.245350,266.529272
32.376000,0.635477,334.213863,262.306884
32.384000,0.690314,333.915959,263.899956
32.392000,0.599977,338.621765,261.518568
32.400000,0.577418,334.130286,259.116842
32.408000,0.709650,331.928782,260.978650
32.416000,0.648368,334.075546,262.844121
32.424000,0.706427,333.633532,263.885311
32.432000,0.683868,340.450687,261.289246
32.440000,0.635477,335.295271,262.458178
32.448000,0.670977,337.321189,262.795521
32.456000,0.587086,335.281032,262.358857
32.464000,1.035496,333.319447,267.144375
32.472000,1.545136,335.057119,260.522514
32.480000,1.912927,334.043728,265.729095
32.488000,1.387073,345.407841,262.428274
32.496000,0.725814,338.115193,263.732285
32.504000,0.461250,333.268023,264.392465
32.512000,0.470968,340.408803,266.123894
32.520000,0.496750,343.684798,269.767086
32.528000,0.341909,339.554750,266.952989
32.536000,0.583864,331.508664,265.337559
32.544000,0.561254,345.143611,265.035242
32.552000,0.541918,338.086782,264.058223
32.560000,0.609645,334.985940,259.372765
32.568000,0.674200,339.202982,264.202125
32.576000,0.725814,340.253623,264.748951
32.584000,0.577418,333.468898,265.650759
32.592000,0.712873,338.065754,265.416613
32.600000,0.777427,331.976281,264.803111
32.608000,0.754818,332.727105,261.154189
32.616000,0.693536,340.623923,262.343644
32.624000,0.803209,341.893961,263.831407
32.632000,0.848377,337.810105,265.177190
32.640000,0.816100,335.578001,264.872635
32.648000,0.922550,338.927086,269.292254
32.656000,0.838709,335.445561,262.089782
32.664000,0.961273,340.178381,261.660541
32.672000,0.883877,341.691834,258.995851
32.680000,0.880655,342.169416,257.790435
32.688000,0.861268,341.211197,262.696106
32.696000,0.912882,343.005896,261.329997
32.704000,0.848377,344.276454,267.219894
32.712000,0.851600,341.623596,261.598291
32.720000,0.748373,338.092655,255.579306
32.728000,0.738705,345.661200,256.606386
32.736000,0.651591,340.640037,260.255040
32.744000,0.696759,336.016346,256.707666
32.752000,0.716095,340.284300,261.788170
32.760000,0.696759,336.629440,261.609920
32.768000,0.783873,338.484448,255.019895
32.776000,0.790318,341.315350,261.036736
32.784000,0.961273,335.470864,260.379732
32.792000,0.761263,340.153362,260.937399
32.800000,0.777427,333.232627,258.279626
32.808000,0.738705,337.372833,258.763924
32.816000,0.948382,334.358189,262.881947
32.824000,0.783873,339.044647,261.234484
32.832000,0.970941,339.995408,265.145442
32.840000,0.948382,337.955638,258.073476
32.848000,0.961273,340.045785,259.408762
32.856000,0.961273,334.668019,260.434944
32.864000,0.877432,339.855285,262.430702
32.872000,0.906436,337.399891,260.094708
32.880000,0.970941,336.262914,260.513885
32.888000,1.012886,332.126877,262.960755
32.896000,0.896768,337.772314,260.019916
32.904000,1.016109,334.107073,260.478753
32.912000,1.038718,336.585524,258.816418
32.920000,1.006441,335.874812,257.286278
32.928000,1.103223,338.002653,259.753290
32.936000,0.993550,333.102100,263.282345
32.944000,1.106445,335.319924,263.928462
32.952000,1.064500,333.849686,256.353409
32.960000,0.967718,335.783342,258.207061
32.968000,1.012886,340.830377,259.593931
32.976000,1.006441,335.389846,260.313882
32.984000,1.029000,331.242995,257.127795
32.992000,1.109668,337.148955,259.616759
33.000000,1.067723,338.151036,258.167179
33.008000,1.200005,338.453658,257.540215
33.016000,1.203227,342.153352,261.412896
33.024000,1.090332,330.149477,260.419575
33.032000,1.100000,331.483614,261.823192
33.040000,1.067723,338.908769,265.041317
33.048000,1.048386,340.369624,259.246687
33.056000,1.119336,336.363281,260.982907
33.064000,0.964495,335.751295,261.675153
33.072000,1.064500,339.569644,261.980936
33.080000,1.045164,340.555901,258.861599
33.088000,1.077391,333.770920,262.464103
33.096000,1.193559,335.309699,259.287314
33.104000,1.141946,337.377059,259.551165
33.112000,1.061277,339.609611,265.550786
33.120000,1.322568,333.653303,263.153823
33.128000,1.822591,336.489490,263.528184
33.136000,2.435509,337.128544,263.537542
33.144000,2.390341,335.929682,264.255957
33.152000,1.445182,335.585292,261.758254
33.160000,1.012886,332.303497,265.761171
33.168000,0.951604,331.099024,262.426412
33.176000,0.945159,334.871110,261.950685
33.184000,1.051609,337.447627,258.844515
33.192000,0.999995,336.454845,260.141929
33.200000,1.006441,335.844363,262.352622
33.208000,1.135500,335.270149,262.432480
33.216000,1.025777,335.525325,268.604415
33.224000,1.132227,334.968052,264.422023
33.232000,1.232232,338.168710,255.733835
33.240000,1.158059,334.086855,264.551946
33.248000,1.090332,335.940507,268.453628
33.256000,1.177395,337.739435,262.614861
33.264000,1.232232,340.951739,262.504069
33.272000,1.177395,341.630549,262.898793
33.280000,1.283845,343.745780,263.612443
33.288000,1.264509,339.396333,267.525191
33.296000,1.383850,336.988058,265.351169
33.304000,1.274177,335.116284,270.738685
33.312000,1.451627,339.264918,270.192494
33.320000,1.312900,342.796165,263.207330
33.328000,1.274177,340.002345,265.401386
33.336000,1.390295,342.500540,261.386481
33.344000,1.254841,336.078235,266.359503
33.352000,1.429018,338.466655,265.312286
33.360000,1.300009,338.529124,264.971776
33.368000,1.245173,336.362975,267.874554
33.376000,1.348400,342.167457,264.413756
33.384000,1.051609,337.017625,265.162300
33.392000,1.341955,340.140501,260.668246
33.400000,1.100000,339.332288,266.054374
33.408000,1.116114,336.600127,264.534023
33.416000,1.158059,336.282607,263.096993
33.424000,1.048386,337.849304,265.302337
33.432000,1.132227,332.109291,264.807598
33.440000,1.170950,344.479575,264.298738
33.448000,1.167727,345.438761,263.174902
33.456000,1.077391,334.744648,259.922736
33.464000,1.374182,338.549498,258.150214
33.472000,1.203227,341.795655,261.841281
33.480000,1.090332,334.373248,264.474197
33.488000,1.274177,338.966375,266.035590
33.496000,1.183841,345.332522,257.672324
33.504000,1.174173,340.143482,258.118671
33.512000,1.245173,338.793582,258.014943
33.520000,1.235454,336.354619,253.842591
33.528000,1.270954,338.598530,255.012249
33.536000,1.203227,342.394249,257.743276
33.544000,1.290341,336.446765,256.633886
33.552000,1.190336,340.302728,260.928472
33.560000,1.190336,337.078200,258.822646
33.568000,1.170950,339.713241,263.636065
33.576000,1.219341,338.087530,259.959300
33.584000,1.132227,339.851733,257.570089
33.592000,1.238727,337.263607,258.076496
33.600000,1.193559,333.353548,261.141484
33.608000,1.183841,339.490898,261.805193
33.616000,1.322568,333.609997,264.409347
33.624000,1.206450,335.027264,262.888746
33.632000,1.193559,339.795376,258.629764
33.640000,1.335459,338.712702,264.665074
33.648000,1.180618,339.956770,259.227826
33.656000,1.074168,335.850926,257.438225
33.664000,1.170950,334.576277,268.358604
33.672000,1.145168,331.919641,255.381762
33.680000,1.161282,334.047188,261.411250
33.688000,1.035496,339.769513,260.811041
33.696000,1.103223,333.602464,263.803073
33.704000,1.164504,338.541839,256.906182
33.712000,1.106445,334.325857,254.105058
33.720000,1.151614,338.176293,263.472184
33.728000,1.035496,330.297132,262.065780
33.736000,1.222564,338.371019,263.337264
33.744000,0.874159,334.177242,265.001987
33.752000,1.235454,337.413535,258.771954
33.760000,1.787091,335.122029,257.268866
33.768000,2.454846,336.808701,258.388008
33.776000,2.261282,333.060420,258.987041
33.784000,1.219341,337.175830,261.040221
33.792000,0.870936,333.842258,256.650096
33.800000,0.880655,335.810303,259.378004
33.808000,0.667704,334.577789,262.327244
33.816000,0.841932,333.950634,260.975077
33.824000,0.751595,334.586071,260.377573
33.832000,0.774205,334.303452,260.861569
33.840000,0.870936,330.836753,262.872478
33.848000,0.887100,338.916740,265.523410
33.856000,0.932268,334.842325,259.605144
33.864000,0.929046,339.107344,266.947168
33.872000,0.970941,332.948405,264.162110
33.880000,0.974163,329.706726,263.140906
33.888000,0.948382,333.352251,267.364592
33.896000,1.006441,335.405900,266.243660
33.904000,1.141946,333.669005,262.574779
33.912000,1.070945,333.910477,264.121980
33.920000,1.109668,339.465634,259.341459
33.928000,1.138723,330.749430,264.071446
33.936000,1.283845,335.265928,263.259207
33.944000,1.061277,336.618161,263.243959
33.952000,1.187114,336.306793,260.976879
33.960000,1.151614,334.094222,261.245933
33.968000,1.058054,334.163403,260.389946
33.976000,1.067723,341.276274,260.605952
33.984000,1.009664,337.381247,261.153604
33.992000,0.983882,334.043226,259.269056
34.000000,0.961273,336.829561,263.345095
34.008000,0.903214,336.875566,260.342772
34.016000,0.896768,337.256602,262.495951
34.024000,0.722591,342.782761,257.532965
34.032000,0.822545,334.769652,263.103180
34.040000,0.680645,334.407998,265.761521
34.048000,0.738705,342.928125,266.951425
34.056000,0.777427,334.616682,262.439138
34.064000,0.622586,334.121764,264.938723
34.072000,0.741927,335.873148,267.089538
34.080000,0.680645,337.140227,264.406060
34.088000,0.699982,337.349787,271.877012
34.096000,0.816100,342.445122,264.619554
34.104000,0.716095,339.634948,262.120351
34.112000,0.812877,344.669627,267.156720
34.120000,0.770932,338.921333,267.683076
34.128000,0.706427,341.744094,268.769509
34.136000,0.758041,339.769932,267.835893
34.144000,0.722591,340.315924,266.044035
34.152000,0.919327,338.948989,264.260766
34.160000,0.880655,337.557441,265.621394
34.168000,0.680645,333.864645,267.767925
34.176000,0.851600,336.695512,271.316963
34.184000,0.741927,342.930681,263.248983
34.192000,0.835486,335.413922,261.577864
34.200000,0.867713,342.110897,258.925772
34.208000,0.770932,344.160261,262.390938
34.216000,0.877432,337.804549,261.366935
34.224000,0.861268,335.332041,260.664288
34.232000,0.799986,338.137985,265.797944
34.240000,0.796764,333.493743,259.938976
34.248000,0.819322,342.018015,255.293040
34.256000,0.799986,336.558999,254.631650
34.264000,0.954827,339.228352,261.907677
34.272000,0.867713,339.600201,260.964225
34.280000,0.954827,339.604526,259.585117
34.288000,1.067723,339.146937,261.017263
34.296000,0.961273,340.351219,260.382883
34.304000,0.748373,340.649906,255.397326
34.312000,0.787095,333.091339,263.598811
34.320000,0.799986,335.604430,264.803683
34.328000,0.729036,340.123784,255.772865
34.336000,0.751595,344.267311,256.193710
34.344000,0.987105,339.975359,267.759765
34.352000,0.799986,341.636509,257.875944
34.360000,0.893545,340.365351,258.358651
34.368000,0.906436,340.428419,263.266874
34.376000,0.941936,336.109025,260.341429
34.384000,0.851600,338.997895,261.342863
34.392000,0.809654,337.341026,262.634153
34.400000,1.074168,342.498911,259.735868
34.408000,1.558077,338.334754,262.855329
34.416000,2.232277,334.150407,264.747485
34.424000,2.112886,342.269867,258.092147
34.432000,1.135500,332.147172,264.125098
34.440000,0.706427,334.735920,258.268628
34.448000,0.709650,333.106538,256.907465
34.456000,0.683868,336.907558,260.839587
34.464000,0.703204,335.246203,260.916024
34.472000,0.641923,337.718734,262.284601
34.480000,0.735482,335.126673,257.674602
34.488000,0.954827,332.012502,260.020746
34.496000,0.725814,334.225358,258.666613
34.504000,0.877432,335.163499,262.284725
34.512000,0.841932,334.687481,258.881682
34.520000,0.929046,335.847765,257.517937
34.528000,0.999995,335.906256,260.382644
34.536000,0.925772,333.001140,263.468282
34.544000,0.925772,336.783139,257.519422
34.552000,1.025777,340.224516,261.219613
34.560000,1.029000,334.628963,254.285659
34.568000,1.167727,334.470798,265.348709
34.576000,1.125782,333.072603,260.738390
34.584000,1.161282,336.077708,255.311770
34.592000,1.154836,337.620254,261.728048
34.600000,1.296786,331.301087,262.085905
34.608000,1.332236,331.642550,260.075701
34.616000,1.148391,337.548044,265.170703
34.624000,1.151614,340.665363,265.767403
34.632000,1.274177,336.607541,266.085006
34.640000,1.106445,334.612166,256.189484
34.648000,1.116114,337.927963,259.475867
34.656000,1.125782,333.152914,264.067210
34.664000,1.019332,334.029542,263.773223
34.672000,1.074168,336.681779,265.410067
34.680000,0.961273,331.679507,262.992667
34.688000,0.990327,333.991478,263.162647
34.696000,0.993550,329.196816,261.129941
34.704000,1.061277,338.306909,263.466217
34.712000,1.074168,335.679215,257.553824
34.720000,0.919327,334.169309,261.818088
34.728000,1.048386,334.311569,261.424758
34.736000,1.154836,332.189694,258.951898
34.744000,1.064500,336.528689,263.913100
34.752000,1.100000,335.568619,262.143973
34.760000,1.151614,334.479648,258.669472
34.768000,1.174173,335.717038,257.397322
34.776000,1.096777,332.837177,264.535240
34.784000,1.254841,345.233193,258.775594
34.792000,1.135500,335.209247,266.455877
34.800000,1.106445,336.524407,261.064908
34.808000,1.177395,340.398576,264.972981
34.816000,1.274177,334.284534,265.961128
34.824000,1.064500,337.774898,260.788380
34.832000,1.080613,339.877056,266.019212
34.840000,1.138723,342.014753,265.523849
34.848000,1.222564,340.258359,259.685226
34.856000,1.112891,337.330891,265.306695
34.864000,1.222564,341.109727,266.508958
34.872000,1.238727,341.126079,264.677193
34.880000,1.167727,336.348726,266.829259
34.888000,1.125782,336.705735,262.747130
34.896000,1.154836,333.826502,264.848405
34.904000,1.206450,338.638875,269.669788
34.912000,1.261286,341.499359,261.898129
34.920000,1.187114,337.154146,261.700678
34.928000,1.306455,335.871969,261.093958
34.936000,1.212895,333.364993,261.160338
34.944000,1.322568,335.251833,271.612073
34.952000,1.209673,336.376104,268.890283
34.960000,0.970941,335.495076,263.286115
34.968000,1.041941,340.481581,259.133351
34.976000,1.103223,340.264730,269.902837
34.984000,1.019332,342.765466,260.944551
34.992000,1.077391,338.202429,260.599033
35.000000,0.987105,339.863113,261.725753
35.008000,1.045164,338.750562,259.371602
35.016000,1.025777,342.764439,261.978010
35.024000,0.919327,343.790786,258.154867
35.032000,1.025777,338.361805,264.478399
35.040000,0.909659,337.132801,258.532111
35.048000,1.219341,340.069247,263.402371
35.056000,1.503241,340.794350,256.229631
35.064000,2.316118,339.002088,264.235583
35.072000,2.370954,339.249014,258.925128
35.080000,1.393568,341.285239,263.760887
35.088000,1.019332,337.937344,259.469375
35.096000,0.893545,338.884787,257.727439
35.104000,0.838709,342.393486,261.187762
35.112000,0.867713,339.653027,259.048356
35.120000,0.806432,333.365069,256.158267
35.128000,0.922550,335.067331,258.792143
35.136000,0.912882,334.386904,258.876536
35.144000,0.996773,339.621615,266.064211
35.152000,0.970941,340.138991,262.592704
35.160000,1.029000,340.316051,267.034984
35.168000,1.019332,336.279196,257.243698
35.176000,1.058054,333.526220,262.546122
35.184000,1.132227,333.850718,266.084616
35.192000,1.077391,331.755867,262.530836
35.200000,1.064500,336.723940,257.118183
35.208000,1.219341,340.123889,257.218339
35.216000,1.090332,335.778037,263.389905
35.224000,1.183841,336.680311,264.090232
35.232000,1.280623,331.768987,263.983994
35.240000,1.125782,333.588857,260.081665
35.248000,1.225786,334.530011,260.607536
35.256000,1.251618,329.606814,260.917095
35.264000,1.306455,334.611275,260.494811
35.272000,1.141946,335.539681,260.727312
35.280000,1.177395,335.232705,259.967035
35.288000,1.135500,338.170158,258.347885
35.296000,1.077391,337.967121,262.316283
35.304000,1.009664,337.935533,256.252116
35.312000,1.025777,336.161691,258.902519
35.320000,0.948382,340.652597,263.263677
35.328000,0.935491,339.274277,263.142782
35.336000,0.838709,332.202140,260.187410
35.344000,1.048386,338.428144,262.460810
35.352000,0.806432,335.342225,261.045262
35.360000,1.116114,336.976109,266.696594
35.368000,0.909659,334.633812,262.083805
35.376000,0.958050,329.206231,263.601039
35.384000,0.912882,326.563092,263.408233
35.392000,1.006441,337.983251,261.434421
35.400000,1.048386,339.010613,265.286470
35.408000,1.022554,333.460712,260.971201
35.416000,1.154836,333.304912,263.237896
35.424000,0.948382,335.364833,259.030044
35.432000,1.106445,325.401466,258.576506
35.440000,0.996773,331.189799,266.092886
35.448000,1.003218,330.031596,260.151152
35.456000,1.016109,336.926824,267.461659
35.464000,1.016109,332.850562,268.235681
35.472000,1.038718,336.519496,265.429365
35.480000,1.029000,337.639069,265.262009
35.488000,0.993550,336.313801,262.219628
35.496000,1.025777,336.588170,264.578861
35.504000,0.954827,339.064020,262.695657
35.512000,1.080613,337.939989,261.369791
35.520000,0.925772,332.897746,263.107252
35.528000,1.009664,338.083139,264.231876
35.536000,0.964495,340.092332,261.525727
35.544000,0.977386,341.596738,262.221220
35.552000,1.009664,336.781971,265.213867
35.560000,0.945159,337.490210,266.972608
35.568000,1.074168,337.162756,265.163262
35.576000,1.038718,338.088691,264.021718
35.584000,1.161282,342.092899,269.818714
35.592000,1.093555,341.199264,261.318155
35.600000,1.012886,341.072448,263.805377
35.608000,1.135500,332.258478,260.705455
35.616000,1.067723,338.680195,260.077210
35.624000,1.064500,335.556169,263.488050
35.632000,1.025777,340.183399,265.553803
35.640000,1.048386,339.606103,272.791380
35.648000,0.874159,336.311115,266.107737
35.656000,0.983882,332.438688,264.979868
35.664000,0.938714,334.592159,266.376394
35.672000,0.987105,333.730377,266.773499
35.680000,0.987105,339.528409,262.287675
35.688000,0.987105,337.164424,260.743465
35.696000,0.796764,334.199816,263.118873
35.704000,1.116114,335.171211,263.221662
35.712000,1.112891,336.548687,270.122829
35.720000,1.245173,341.249370,260.482971
35.728000,1.925818,342.943550,268.100100
35.736000,2.319341,338.088682,263.646022
35.744000,1.412905,332.699209,262.127240
35.752000,0.954827,343.944415,262.288426
35.760000,0.758041,340.440317,260.945391
35.768000,0.629032,345.547250,257.624870
35.776000,0.790318,340.940230,266.346626
35.784000,0.751595,340.597052,260.436466
35.792000,0.903214,339.501335,262.331024
35.800000,0.809654,344.978031,263.437357
35.808000,0.870936,340.440554,259.341642
35.816000,0.970941,341.140821,259.228414
35.824000,0.980659,336.097275,261.020882
35.832000,0.961273,339.141278,260.371368
35.840000,0.964495,340.419626,259.377292
35.848000,0.964495,341.320117,258.850421
35.856000,0.929046,334.432475,260.108865
35.864000,1.077391,336.342116,257.804133
35.872000,0.964495,333.325961,260.760832
35.880000,1.006441,337.398736,258.966405
35.888000,1.135500,339.258840,254.043646
35.896000,1.219341,340.941367,256.516057
35.904000,1.116114,339.457787,259.840236
35.912000,1.164504,343.901077,261.374586
35.920000,1.138723,333.745741,257.582101
35.928000,1.051609,333.701720,258.085003
35.936000,1.177395,337.826911,255.776443
35.944000,1.125782,335.635590,256.877805
35.952000,1.006441,338.279451,255.190186
35.960000,0.990327,331.142324,260.314789
35.968000,0.993550,333.106241,263.530672
35.976000,0.880655,330.675281,262.039528
35.984000,0.912882,334.363675,258.093391
35.992000,1.012886,332.695348,255.998326
36.000000,0.858045,338.753401,260.877321
36.008000,0.790318,335.221698,253.654920
36.016000,0.861268,336.058512,261.568855
36.024000,0.758041,332.664653,261.651910
36.032000,0.851600,336.853454,260.321844
36.040000,0.864491,339.802739,257.256556
36.048000,0.764486,336.839320,260.593375
36.056000,0.887100,334.926202,256.736953
36.064000,0.890323,338.724043,256.165533
36.072000,1.038718,338.125112,262.239755
36.080000,1.048386,333.188035,261.916287
36.088000,1.006441,337.070057,258.221560
36.096000,0.899991,336.505701,260.412234
36.104000,1.090332,337.155849,261.711643
36.112000,0.925772,336.045410,262.854167
36.120000,0.970941,335.288583,263.442125
36.128000,1.048386,333.294226,263.194979
36.136000,0.922550,340.134771,261.505972
36.144000,0.983882,339.112666,263.962892
36.152000,0.925772,332.413041,266.061887
36.160000,0.990327,338.371994,266.847866
36.168000,0.893545,333.963286,262.726004
36.176000,0.887100,330.866116,262.691521
36.184000,0.880655,331.982115,260.820085
36.192000,1.019332,329.976536,260.697753
36.200000,0.841932,338.178816,265.341188
36.208000,0.974163,334.356752,261.856287
36.216000,0.970941,327.996863,262.522399
36.224000,0.996773,338.733679,263.158415
36.232000,1.045164,334.890272,260.624818
36.240000,1.029000,335.407402,259.231393
36.248000,0.977386,336.541161,260.828340
36.256000,1.100000,334.755446,258.072557
36.264000,1.109668,330.201591,259.239717
36.272000,0.867713,339.988524,261.737140
36.280000,0.929046,338.082080,261.248313
36.288000,0.922550,339.455645,259.518835
36.296000,0.974163,335.841526,263.334049
36.304000,0.990327,337.890195,265.705951
36.312000,0.935491,339.165680,267.872507
36.320000,0.880655,340.522235,265.016518
36.328000,0.941936,335.861865,262.885194
36.336000,1.054832,337.267104,264.733066
36.344000,1.003218,334.986110,265.295907
36.352000,1.012886,344.496130,260.090275
36.360000,0.890323,339.705856,263.060308
36.368000,1.300009,339.296794,263.794362
36.376000,1.829036,340.741434,262.623912
36.384000,2.422568,339.891968,268.140161
36.392000,1.967764,340.002765,261.016649
36.400000,0.919327,334.675372,258.300991
36.408000,0.741927,337.986726,265.274017
36.416000,0.719318,336.245827,264.929935
36.424000,0.774205,335.907314,262.770833
36.432000,0.735482,336.704141,266.202967
36.440000,0.729036,333.496273,265.857014
36.448000,0.851600,338.913236,268.103799
36.456000,0.712873,338.580305,259.970022
36.464000,0.848377,340.253639,259.707203
36.472000,0.938714,335.267816,266.348401
36.480000,1.016109,337.375322,264.249447
36.488000,0.858045,349.423609,264.136817
36.496000,1.038718,338.143826,265.615720
36.504000,0.903214,333.505281,263.194868
36.512000,0.970941,336.512075,264.454698
36.520000,0.996773,334.214305,256.404867
36.528000,1.141946,338.190143,259.350418
36.536000,0.929046,340.735179,260.785745
36.544000,1.174173,340.038530,262.490511
36.552000,1.158059,338.479646,257.774229
36.560000,1.141946,338.907973,261.776601
36.568000,1.151614,338.433170,258.260283
36.576000,1.074168,343.009009,256.354985
36.584000,1.145168,335.336988,264.285285
36.592000,1.148391,338.843227,259.558090
36.600000,1.154836,341.574780,264.403546
36.608000,1.229009,337.551745,262.735068
36.616000,1.070945,337.551073,259.220508
36.624000,0.916104,340.088848,260.288764
36.632000,0.948382,333.341349,259.874612
36.640000,0.945159,336.707285,261.428828
36.648000,0.841932,336.459422,263.865882
36.656000,0.796764,342.666000,254.243070
36.664000,0.751595,337.724218,258.934381
36.672000,0.854823,339.189610,262.580418
36.680000,0.903214,335.877369,262.050602
36.688000,0.970941,335.175344,257.235494
36.696000,0.890323,336.139183,268.806529
36.704000,0.916104,338.001272,258.259055
36.712000,1.054832,335.173820,253.634553
36.720000,0.870936,336.568321,259.490381
36.728000,1.025777,328.933985,260.233468
36.736000,0.909659,329.492303,263.100383
36.744000,0.996773,338.334998,260.865743
36.752000,0.961273,338.314303,258.968356
36.760000,0.945159,340.889318,257.145725
36.768000,0.929046,336.855540,258.229877
36.776000,0.935491,331.098585,260.618396
36.784000,0.951604,334.995553,259.041927
36.792000,1.090332,332.393280,261.999102
36.800000,0.999995,337.740215,252.293674
36.808000,0.938714,338.924786,260.933239
36.816000,0.977386,331.904973,260.035085
36.824000,0.922550,329.231509,262.612474
36.832000,0.970941,335.072324,258.203503
36.840000,1.016109,332.195288,258.355266
36.848000,1.006441,333.374486,261.810272
36.856000,0.835486,334.744605,262.752350
36.864000,0.961273,336.450034,262.255877
36.872000,0.974163,332.979970,264.542605
36.880000,0.987105,338.708913,261.420571
36.888000,1.041941,336.130844,256.974035
36.896000,1.029000,340.635558,265.122618
36.904000,1.151614,338.933918,260.568607
36.912000,0.964495,333.747186,261.719483
36.920000,1.051609,337.085554,264.408252
36.928000,0.951604,335.679694,262.412373
36.936000,1.019332,327.766120,260.911730
36.944000,0.816100,335.668707,258.335083
36.952000,0.854823,340.949983,257.893668
36.960000,0.893545,332.056527,266.604570
36.968000,0.832264,332.971796,260.084245
36.976000,0.935491,331.609130,256.156246
36.984000,1.029000,334.781261,261.302603
36.992000,0.996773,333.679003,261.033128
37.000000,0.893545,335.040047,267.024110
37.008000,0.958050,333.812091,266.662733
37.016000,1.006441,334.230315,261.105741
37.024000,1.590304,337.667038,264.427374
37.032000,2.116159,335.509663,257.703538
37.040000,2.267727,336.005030,265.245505
37.048000,1.232232,339.091305,263.673903
37.056000,0.732259,336.057895,262.495671
37.064000,0.770932,337.428706,263.577941
37.072000,0.612868,339.300766,263.592915
37.080000,0.725814,342.503705,261.259527
37.088000,0.803209,341.333450,260.133739
37.096000,0.699982,339.883708,264.335497
37.104000,0.799986,339.042613,263.218606
37.112000,0.822545,335.910390,262.529056
37.120000,0.854823,337.390025,265.436894
37.128000,0.819322,343.190341,263.642431
37.136000,0.929046,338.605718,263.911076
37.144000,0.932268,334.377732,267.932369
37.152000,0.938714,339.958871,263.446354
37.160000,0.996773,337.169202,265.195456
37.168000,1.022554,333.201195,263.310592
37.176000,1.058054,335.810373,264.011970
37.184000,1.116114,336.011987,266.904014
37.192000,1.203227,330.492592,265.889787
37.200000,1.090332,329.887537,260.622546
37.208000,1.254841,336.192848,262.865914
37.216000,1.151614,336.656562,263.835378
37.224000,1.229009,336.597754,256.935502
37.232000,1.141946,335.204496,271.859435
37.240000,1.158059,339.106532,266.167524
37.248000,1.183841,341.730425,261.508243
37.256000,1.025777,340.457099,265.922651
37.264000,1.135500,341.461930,259.495738
37.272000,0.996773,338.106959,266.948432
37.280000,0.845154,341.812146,260.414643
37.288000,0.954827,338.729973,259.340724
37.296000,0.767709,341.269817,265.338139
37.304000,0.874159,345.279621,259.669691
37.312000,0.887100,340.774229,260.766263
37.320000,0.841932,340.312849,257.403131
37.328000,0.738705,335.462869,264.744106
37.336000,0.970941,335.901127,258.652995
37.344000,0.841932,345.938045,266.128793
37.352000,0.977386,337.574747,265.878122
37.360000,0.961273,342.145486,255.308522
37.368000,0.916104,338.461137,255.296746
37.376000,1.022554,335.036039,255.390998
37.384000,0.903214,339.348446,261.520599
37.392000,0.967718,337.736805,260.582711
37.400000,1.009664,336.454269,256.860105
37.408000,0.993550,338.947556,259.204005
37.416000,0.893545,337.015870,263.345097
37.424000,1.038718,337.862225,267.994722
37.432000,0.912882,340.541425,261.646849
37.440000,1.029000,337.483406,258.926156
37.448000,1.006441,337.097286,259.020198
37.456000,0.919327,339.441221,264.514698
37.464000,1.045164,333.113021,261.269915
37.472000,1.006441,335.763501,259.068389
37.480000,0.996773,332.845630,259.252336
37.488000,0.970941,337.859306,258.916730
37.496000,0.958050,341.313968,259.357114
37.504000,0.929046,330.474104,266.223624
37.512000,0.935491,333.364300,263.517865
37.520000,1.038718,336.378638,260.826906
37.528000,0.996773,331.689020,259.876818
37.536000,0.909659,332.918935,257.583231
37.544000,0.864491,329.824957,259.232216
37.552000,1.154836,330.910507,264.028253
37.560000,0.912882,332.078956,256.616160
37.568000,1.112891,332.517186,260.703607
37.576000,0.922550,334.940425,260.052944
37.584000,1.061277,335.906330,263.337313
37.592000,1.064500,336.621486,259.988385
37.600000,1.061277,332.983210,261.658096
37.608000,1.080613,336.383075,265.083149
37.616000,0.932268,338.130564,261.983385
37.624000,0.883877,336.249350,259.364744
37.632000,0.987105,339.553465,257.435381
37.640000,0.990327,331.965602,262.553480
37.648000,0.870936,337.479881,261.869495
37.656000,0.961273,335.624121,259.576497
37.664000,0.977386,328.806328,263.961933
37.672000,1.032273,330.640780,262.329757
37.680000,0.951604,332.208183,259.998759
37.688000,1.022554,331.725333,257.220231
37.696000,1.022554,328.157647,262.645745
37.704000,0.851600,334.342921,264.498610
37.712000,1.119336,339.066239,266.077923
37.720000,1.619359,334.150538,259.146663
37.728000,2.348396,332.070465,264.288291
37.736000,1.945154,331.918003,264.982630
37.744000,1.164504,331.866857,265.945918
37.752000,0.803209,333.076828,263.070133
37.760000,0.680645,337.606009,256.997316
37.768000,0.654813,339.049028,258.914197
37.776000,0.732259,335.499178,262.004805
37.784000,0.829041,334.875960,257.692401
37.792000,0.790318,333.327532,263.765689
37.800000,0.748373,335.008674,262.430136
37.808000,0.851600,335.426477,255.683372
37.816000,0.754818,336.042962,255.212888
37.824000,0.945159,339.768074,260.512763
37.832000,0.887100,338.629910,265.623877
37.840000,0.854823,336.599613,262.816289
37.848000,1.070945,339.073363,265.521436
37.856000,1.041941,333.445626,260.571542
37.864000,1.022554,336.263995,263.140438
37.872000,1.048386,337.856575,264.549024
37.880000,0.977386,339.914234,266.766522
37.888000,1.135500,344.849715,269.868700
37.896000,1.103223,335.540868,264.673564
37.904000,1.054832,335.215424,262.219408
37.912000,1.167727,334.940016,268.753634
37.920000,0.980659,335.024696,264.167750
37.928000,1.222564,328.951306,271.536179
37.936000,1.161282,336.350519,263.585266
37.944000,1.112891,338.514592,264.641699
37.952000,1.087109,332.333905,260.781989
37.960000,1.077391,336.366056,264.342540
37.968000,0.961273,332.599379,261.758667
37.976000,0.929046,338.105682,266.728162
37.984000,0.809654,337.690618,260.845300
37.992000,0.867713,339.470711,262.851505
38.000000,0.758041,338.142925,264.123922
38.008000,0.912882,339.829951,264.553125
38.016000,0.848377,330.639605,267.383037
38.024000,0.916104,335.777509,267.672128
38.032000,0.825818,339.071863,261.286540
38.040000,0.819322,344.023004,258.651026
38.048000,0.864491,340.108837,263.328508
38.056000,0.841932,339.931808,262.564082
38.064000,0.893545,333.593716,265.828784
38.072000,0.848377,336.235469,258.771177
38.080000,0.848377,336.554620,257.922597
38.088000,0.945159,336.171964,262.869192
38.096000,0.835486,339.914788,256.575592
38.104000,0.874159,337.447933,262.491541
38.112000,0.758041,336.232147,255.109366
38.120000,1.038718,336.894143,259.873712
38.128000,0.867713,335.788397,256.113872
38.136000,0.899991,339.835016,262.097506
38.144000,0.919327,338.156088,261.664328
38.152000,0.861268,340.103718,263.767984
38.160000,1.012886,340.342284,257.798209
38.168000,0.929046,337.004862,255.855331
38.176000,0.919327,339.261587,265.488104
38.184000,0.932268,336.526935,264.680025
38.192000,0.848377,335.029746,259.708764
38.200000,1.006441,333.655148,258.912901
38.208000,0.993550,337.008936,261.348844
38.216000,0.980659,332.774039,260.160718
38.224000,0.999995,334.506346,262.714677
38.232000,0.945159,340.297048,259.164455
38.240000,1.096777,336.748392,262.132213
38.248000,0.916104,335.636490,258.657861
38.256000,1.038718,333.336316,261.741105
38.264000,1.054832,336.963533,261.711497
38.272000,1.109668,332.080865,258.134476
38.280000,1.083886,332.289002,258.108491
38.288000,1.119336,335.592207,262.180319
38.296000,1.103223,330.239363,259.733387
38.304000,1.096777,334.408970,261.014151
38.312000,1.141946,338.158180,257.764396
38.320000,0.880655,339.923179,259.797000
38.328000,0.990327,333.414919,259.123371
38.336000,0.925772,335.628624,259.440998
38.344000,0.948382,336.189461,261.832066
38.352000,0.848377,334.093083,258.268414
38.360000,1.009664,334.167553,258.692435
38.368000,0.961273,334.918999,258.597402
38.376000,0.974163,331.955339,265.585447
38.384000,1.003218,331.998608,260.464624
38.392000,1.016109,334.065371,267.044173
38.400000,0.990327,333.709354,264.926632
38.408000,1.258064,338.768752,262.360573
38.416000,1.925818,337.697435,256.683431
38.424000,2.316118,334.954222,260.974457
38.432000,1.909705,334.515861,260.799451
38.440000,0.970941,338.916318,265.484918
38.448000,0.929046,336.756536,262.639567
38.456000,0.796764,339.255712,261.394893
38.464000,0.767709,337.233613,258.661329
38.472000,0.767709,329.005229,260.103088
38.480000,0.816100,333.711806,262.444011
38.488000,0.783873,331.713983,264.183426
38.496000,0.838709,330.162461,264.559920
38.504000,0.877432,332.504757,260.214934
38.512000,0.983882,335.763646,259.051499
38.520000,0.893545,333.834252,262.048613
38.528000,0.825818,335.775940,261.891260
38.536000,1.016109,335.303058,255.920695
38.544000,1.038718,336.096366,258.054046
38.552000,0.970941,341.770789,259.288725
38.560000,1.019332,339.940939,263.100058
38.568000,1.064500,339.841082,258.473372
38.576000,1.074168,335.305557,263.572066
38.584000,1.116114,341.015803,264.439894
38.592000,1.132227,334.297144,259.177132
38.600000,1.170950,336.278570,266.927215
38.608000,1.229009,337.719074,261.275655
38.616000,1.135500,339.319897,265.971219
38.624000,1.145168,333.741755,264.554428
38.632000,1.267732,337.460307,261.785933
38.640000,1.077391,339.556054,267.222739
38.648000,1.148391,341.571663,267.359142
38.656000,1.093555,340.891378,261.623049
38.664000,0.935491,340.236541,267.581759
38.672000,1.103223,337.815838,268.840422
38.680000,0.974163,338.983655,263.513214
38.688000,0.877432,333.947195,266.026356
38.696000,0.970941,332.750927,263.182081
38.704000,0.932268,337.747085,260.105959
38.712000,0.832264,342.085418,268.645152
38.720000,0.809654,340.494550,267.016408
38.728000,0.929046,343.291240,264.184002
38.736000,0.874159,333.037175,267.649061
38.744000,0.932268,339.067095,260.644052
38.752000,0.974163,338.532594,258.454541
38.760000,0.996773,338.058469,258.386842
38.768000,0.993550,331.601751,265.937181
38.776000,0.970941,337.976577,261.588290
38.784000,1.012886,337.498173,267.937821
38.792000,1.019332,341.300561,261.948853
38.800000,0.974163,338.196450,259.430044
38.808000,0.948382,340.917123,264.585416
38.816000,0.999995,342.846398,254.979092
38.824000,0.961273,339.001164,260.651149
38.832000,1.025777,336.738823,256.430834
38.840000,0.903214,338.258539,261.790701
38.848000,1.106445,345.441045,263.460909
38.856000,0.961273,336.557055,257.527530
38.864000,0.929046,340.393527,261.683786
38.872000,0.987105,335.149892,259.213792
38.880000,0.987105,337.388698,258.332005
38.888000,0.945159,340.736372,259.901137
38.896000,0.980659,340.447080,260.638683
38.904000,0.970941,342.481205,261.368588
38.912000,1.032273,337.135807,261.219085
38.920000,1.019332,340.302970,262.784304
38.928000,1.038718,337.899943,261.251578
38.936000,1.041941,339.315853,258.896659
38.944000,1.087109,337.055967,259.955515
38.952000,1.077391,337.552307,258.341377
38.960000,1.190336,336.522472,263.204501
38.968000,0.990327,334.935892,263.110362
38.976000,1.012886,335.230272,261.074167
38.984000,0.938714,335.590736,261.694790
38.992000,1.006441,339.621438,259.201194
39.000000,0.967718,337.714564,262.250614
39.008000,0.848377,337.797064,261.931219
39.016000,0.935491,330.369468,254.253902
39.024000,1.019332,330.937740,258.769183
39.032000,0.954827,330.671808,260.986806
39.040000,0.958050,330.658984,255.788152
39.048000,0.822545,338.690294,260.765751
39.056000,1.025777,330.806916,259.861302
39.064000,0.822545,331.145417,261.474761
39.072000,0.951604,336.803999,257.896512
39.080000,1.600023,334.682108,256.779019
39.088000,2.225832,332.705955,257.407058
39.096000,2.125827,335.021283,259.909348
39.104000,1.145168,333.161418,260.326298
39.112000,0.790318,336.291317,255.186175
39.120000,0.732259,336.714522,262.946546
39.128000,0.706427,331.416547,260.346940
39.136000,0.725814,336.927137,260.415047
39.144000,0.712873,336.582796,264.794932
39.152000,0.819322,331.620719,264.952998
39.160000,0.880655,333.445890,263.483940
39.168000,0.796764,342.234477,261.818753
39.176000,0.899991,330.693609,264.890053
39.184000,0.903214,333.923259,262.161002
39.192000,0.935491,331.440219,263.722816
39.200000,1.029000,333.836154,267.373339
39.208000,0.887100,336.082599,261.662075
39.216000,0.954827,334.994972,262.144514
39.224000,1.061277,335.358178,257.194281
39.232000,1.058054,333.395683,264.812592
39.240000,1.109668,337.821912,267.013888
39.248000,1.125782,332.977139,266.335499
39.256000,1.100000,332.189773,259.431622
39.264000,1.193559,328.575924,261.761890
39.272000,1.112891,331.744226,264.315961
39.280000,1.183841,339.952500,265.605323
39.288000,1.135500,334.158921,266.148438
39.296000,1.158059,339.103681,262.454291
39.304000,1.254841,333.339777,262.326688
39.312000,1.245173,333.281445,263.900431
39.320000,1.058054,342.153588,261.501709
39.328000,1.067723,333.315518,256.047154
39.336000,1.048386,337.495641,258.389257
39.344000,0.899991,333.927893,259.733000
39.352000,0.996773,338.692627,261.285323
39.360000,0.816100,335.085482,266.944793
39.368000,0.970941,341.034941,263.158808
39.376000,0.851600,335.162713,259.314437
39.384000,0.948382,338.734328,267.286136
39.392000,0.890323,342.333721,265.426167
39.400000,0.912882,337.165284,263.827247
39.408000,0.996773,343.155166,262.368243
39.416000,0.906436,334.080712,265.827348
39.424000,0.987105,335.204870,259.923879
39.432000,1.025777,334.424059,263.001080
39.440000,1.009664,335.158476,266.515022
39.448000,1.022554,333.422694,264.766649
39.456000,0.922550,334.877466,259.411984
39.464000,1.012886,341.828702,264.432937
39.472000,0.974163,332.875992,266.077509
39.480000,1.025777,335.531924,261.189027
39.488000,0.977386,338.673812,261.378108
39.496000,1.061277,341.087558,260.194900
39.504000,1.093555,338.068950,264.544874
39.512000,1.003218,340.103892,264.381290
39.520000,1.038718,337.847167,260.156739
39.528000,1.009664,334.226241,264.148918
39.536000,1.006441,341.415103,263.546567
39.544000,0.999995,341.054266,262.540210
39.552000,0.909659,342.744636,257.906929
39.560000,1.035496,340.554508,262.121018
39.568000,0.980659,344.334617,258.442432
39.576000,1.035496,337.579291,264.178734
39.584000,1.122559,338.608499,258.870517
39.592000,1.012886,339.091426,258.566089
39.600000,1.080613,342.499613,258.408442
39.608000,0.974163,337.401500,259.937811
39.616000,1.096777,341.716773,265.481857
39.624000,1.012886,336.504132,268.280764
39.632000,1.106445,341.679903,259.946340
39.640000,1.100000,339.698139,259.359839
39.648000,1.058054,335.729815,262.349707
39.656000,1.048386,339.286419,254.328130
39.664000,0.977386,337.785970,261.834569
39.672000,0.970941,339.565228,261.699797
39.680000,0.996773,331.592332,257.236924
39.688000,0.929046,335.408092,266.891991
39.696000,0.877432,337.072355,255.503490
39.704000,1.009664,340.172196,252.811537
39.712000,0.999995,333.442143,254.852106
39.720000,0.990327,333.120513,262.034940
39.728000,1.022554,332.464950,258.368399
39.736000,0.941936,336.437331,261.833426
39.744000,1.022554,336.677088,260.855874
39.752000,0.977386,334.093185,262.348246
39.760000,1.180618,335.643337,260.653190
39.768000,1.683864,328.707245,261.393247
39.776000,2.400009,338.875292,264.080822
39.784000,2.251614,336.869078,264.353596
39.792000,1.038718,333.941963,258.239617
39.800000,0.848377,336.223505,257.113402
39.808000,0.790318,335.880347,258.648815
39.816000,0.793541,330.358832,258.947212
39.824000,0.735482,332.726964,258.704128
39.832000,0.767709,333.134487,257.074395
39.840000,0.883877,337.167390,253.527624
39.848000,0.854823,338.214111,256.755933
39.856000,0.916104,333.573423,264.643923
39.864000,0.829041,333.637629,263.304742
39.872000,0.909659,335.195430,260.105942
39.880000,1.045164,332.018862,267.204156
39.888000,0.948382,333.024752,258.657842
39.896000,0.999995,337.434243,264.625994
39.904000,0.987105,332.936998,258.784461
39.912000,1.038718,328.149389,258.591838
39.920000,1.164504,330.498437,264.442593
39.928000,1.087109,334.984261,259.261726
39.936000,1.135500,332.181944,263.768855
39.944000,1.141946,333.095829,264.698134
39.952000,1.067723,325.462999,259.563334
39.960000,1.232232,333.827202,259.576936
39.968000,1.196782,335.734260,264.778631
39.976000,1.167727,336.550997,267.208352
39.984000,1.180618,336.293366,259.958683
39.992000,1.100000,332.257947,266.656407
40.000000,1.151614,328.952566,262.149936
40.008000,1.225786,333.086991,263.272753
40.016000,0.919327,332.437218,257.680811
40.024000,1.025777,339.044661,261.796555
40.032000,0.935491,339.272371,265.705448
40.040000,0.980659,334.666266,263.693343
40.048000,0.887100,335.780538,260.323453
40.056000,0.999995,340.727637,269.893728
40.064000,0.906436,341.549297,264.376984
40.072000,0.816100,335.168065,263.911026
40.080000,0.932268,337.490235,265.856883
40.088000,0.803209,340.763594,263.182871
40.096000,0.912882,333.435677,265.691372
40.104000,0.974163,338.075712,267.936927
40.112000,0.974163,342.174144,257.988098
40.120000,0.845154,338.646736,260.392099
40.128000,0.990327,338.655385,264.170971
40.136000,1.077391,335.152814,261.903524
40.144000,0.970941,336.436355,263.210765
40.152000,1.032273,337.156133,261.352319
40.160000,0.983882,335.433752,262.691998
40.168000,0.977386,338.587914,265.488386
40.176000,0.987105,338.775929,263.816046
40.184000,0.932268,337.248890,266.736526
40.192000,1.025777,335.859903,270.552707
40.200000,1.067723,337.547870,266.047538
40.208000,0.919327,332.728795,261.848961
40.216000,0.970941,333.213095,264.286415
40.224000,1.022554,339.436268,265.033645
40.232000,1.054832,340.123475,263.847384
40.240000,1.090332,339.714268,265.417005
40.248000,1.100000,341.503414,262.870565
40.256000,1.041941,339.323523,260.966812
40.264000,0.993550,336.578692,261.778809
40.272000,0.961273,333.342340,267.644210
40.280000,1.109668,338.257491,259.682863
40.288000,0.996773,341.064964,261.808464
40.296000,1.038718,340.909077,258.297671
40.304000,1.035496,343.680606,264.081786
40.312000,1.045164,341.239831,261.744647
40.320000,1.093555,336.401548,261.007841
40.328000,1.022554,339.938713,259.848704
40.336000,1.177395,340.858506,261.171840
40.344000,1.167727,340.112089,257.596882
40.352000,1.090332,335.088875,266.916291
40.360000,1.141946,341.375409,255.250496
40.368000,1.116114,339.710786,262.821262
40.376000,1.087109,340.655008,267.764968
40.384000,1.096777,336.862058,259.490551
40.392000,0.841932,345.324852,259.942473
40.400000,0.964495,342.866517,264.911007
40.408000,1.038718,339.217505,257.586479
40.416000,1.035496,338.750995,266.442392
40.424000,0.954827,335.407637,263.834927
40.432000,0.987105,339.987112,259.578169
40.440000,1.025777,339.427037,257.833040
40.448000,1.100000,336.367457,264.193271
40.456000,0.896768,339.527320,263.998107
40.464000,1.070945,335.555706,263.829169
40.472000,1.641918,335.384345,259.264336
40.480000,2.271000,340.551374,263.098180
40.488000,2.400009,337.443435,263.159934
40.496000,1.238727,334.648764,261.716041
40.504000,0.909659,334.678462,261.653413
40.512000,0.751595,336.064644,262.512710
40.520000,0.729036,329.562080,254.818792
40.528000,0.899991,331.376184,261.694566
40.536000,0.777427,334.374452,259.453903
40.544000,0.732259,334.783319,263.217507
40.552000,0.912882,329.517332,256.551455
40.560000,0.922550,330.808764,263.109361
40.568000,0.961273,334.159336,260.196316
40.576000,0.983882,337.886612,260.158368
40.584000,1.006441,335.186502,262.814525
40.592000,1.003218,336.180564,259.112722
40.600000,1.035496,341.560897,256.077054
40.608000,0.964495,337.383345,256.978756
40.616000,0.983882,336.767744,260.053793
40.624000,1.196782,333.859494,264.139445
40.632000,1.083886,334.400082,262.957771
40.640000,1.196782,338.916617,262.804049
40.648000,1.100000,336.942916,259.448088
40.656000,1.203227,333.067753,264.019663
40.664000,1.135500,339.410214,261.855585
40.672000,1.170950,338.977801,265.535473
40.680000,1.200005,339.368374,257.432279
40.688000,1.293564,330.765955,261.523285
40.696000,1.151614,336.926046,263.097627
40.704000,1.145168,335.087539,266.310895
40.712000,1.177395,339.210269,263.606269
40.720000,1.100000,335.224383,262.947773
40.728000,1.012886,336.768506,265.317556
40.736000,1.045164,333.682998,268.339681
40.744000,0.848377,338.314845,256.886655
40.752000,0.896768,332.624235,258.956730
40.760000,0.641923,331.826670,260.359517
40.768000,0.954827,333.109777,261.804802
40.776000,0.948382,338.054603,264.985583
40.784000,0.909659,332.584584,257.166340
40.792000,0.848377,338.111000,262.579293
40.800000,0.935491,332.540030,262.551773
40.808000,1.009664,340.872497,261.119756
40.816000,0.948382,332.688290,263.898595
40.824000,0.912882,339.046265,262.794526
40.832000,0.896768,331.304553,265.872511
40.840000,0.996773,335.886093,261.810600
40.848000,0.983882,337.192701,264.771822
40.856000,0.964495,339.768516,262.881393
40.864000,0.993550,338.194139,265.289333
40.872000,0.945159,337.828218,265.858834
40.880000,1.083886,340.743167,258.708098
40.888000,1.070945,337.728373,266.250983
40.896000,0.964495,338.987867,267.000524
40.904000,0.954827,340.603957,268.109517
40.912000,1.006441,332.893260,264.730851
40.920000,0.951604,331.318645,262.670033
40.928000,1.109668,337.472828,263.494743
40.936000,0.974163,338.991108,263.093984
40.944000,0.980659,338.866789,263.913874
40.952000,0.951604,335.469178,264.052315
40.960000,1.012886,340.973237,264.520984
40.968000,0.987105,334.096327,263.794414
40.976000,1.093555,339.244177,265.726932
40.984000,0.835486,340.033426,259.061710
40.992000,0.935491,343.238880,265.714313
41.000000,1.067723,342.058026,262.785187
41.008000,0.980659,337.011734,267.583126
41.016000,0.967718,345.026983,264.634564
41.024000,1.003218,341.618029,260.963708
41.032000,1.090332,341.178827,263.339598
41.040000,1.009664,337.201553,262.352852
41.048000,1.216118,337.278009,263.828712
41.056000,1.170950,339.065310,263.950835
41.064000,1.041941,343.120743,263.399905
41.072000,1.080613,337.724032,260.899606
41.080000,0.819322,339.490107,263.644414
41.088000,0.880655,343.006514,263.515291
41.096000,0.858045,345.062414,259.606005
41.104000,0.922550,340.058573,255.289775
41.112000,0.864491,342.706842,261.593177
41.120000,0.970941,337.413513,255.725339
41.128000,0.935491,336.293330,261.221594
41.136000,1.012886,339.875684,260.993328
41.144000,0.990327,336.063943,261.968620
41.152000,0.893545,339.478518,259.204089
41.160000,0.951604,334.670194,259.811314
41.168000,1.474186,337.599680,258.039247
41.176000,1.993545,342.274219,263.870724
41.184000,2.283891,337.232459,267.209904
41.192000,1.316123,340.949442,258.544826
41.200000,0.858045,336.009876,264.628829
41.208000,0.825818,336.585880,260.942068
41.216000,0.716095,343.504871,260.716820
41.224000,0.687091,336.717734,264.050690
41.232000,0.764486,332.878773,262.357769
41.240000,0.806432,335.385573,261.712791
41.248000,0.829041,338.728598,259.156910
41.256000,0.751595,326.556681,261.531747
41.264000,1.025777,337.866397,255.013859
41.272000,0.880655,331.120007,263.497438
41.280000,0.870936,337.006427,259.129001
41.288000,0.877432,335.355334,260.341284
41.296000,0.967718,337.988794,260.768856
41.304000,1.058054,335.585606,257.650495
41.312000,0.929046,339.921395,262.822403
41.320000,1.035496,336.518364,257.525655
41.328000,0.954827,335.400292,262.388714
41.336000,1.012886,339.411596,264.717321
41.344000,0.970941,338.858769,263.465004
41.352000,1.112891,332.636006,262.331175
41.360000,1.003218,330.642829,258.159535
41.368000,1.083886,330.512359,257.783557
41.376000,1.180618,335.523863,259.349356
41.384000,1.125782,332.765880,262.873160
41.392000,0.993550,336.927876,255.612751
41.400000,1.112891,335.954002,262.115164
41.408000,0.983882,336.874344,259.960292
41.416000,1.006441,337.011790,259.182287
41.424000,0.951604,338.977724,263.575877
41.432000,0.880655,339.890980,262.151768
41.440000,0.777427,333.591866,257.896063
41.448000,0.729036,331.937411,261.518881
41.456000,0.796764,330.506788,261.012387
41.464000,0.838709,336.341076,263.583774
41.472000,0.816100,334.822642,268.270691
41.480000,0.787095,339.276174,263.374199
41.488000,0.954827,331.898987,262.278593
41.496000,0.858045,333.642927,263.526076
41.504000,0.896768,334.867222,267.058851
41.512000,0.951604,332.068963,265.280245
41.520000,0.903214,332.460269,257.718388
41.528000,0.922550,334.534138,259.823444
41.536000,1.112891,330.409726,262.163386
41.544000,1.116114,328.435676,261.723295
41.552000,0.945159,336.155894,261.033208
41.560000,0.993550,332.266615,260.805264
41.568000,0.964495,332.644977,259.301454
41.576000,1.067723,337.387405,264.741445
41.584000,1.106445,336.423423,266.847290
41.592000,0.887100,339.576421,261.368865
41.600000,0.935491,339.771141,263.534607
41.608000,0.983882,339.524216,263.506259
41.616000,0.945159,337.022670,265.388280
41.624000,1.054832,339.298064,268.504775
41.632000,0.999995,337.850560,269.953299
41.640000,0.993550,338.956372,262.769669
41.648000,0.974163,339.647939,263.972738
41.656000,1.009664,338.108816,264.088279
41.664000,0.912882,339.078065,261.051782
41.672000,0.987105,338.458853,267.088923
41.680000,1.016109,335.072524,269.075020
41.688000,1.083886,337.419976,264.432872
41.696000,1.061277,332.624525,264.640651
41.704000,1.074168,336.262103,265.164227
41.712000,1.029000,339.764583,262.829795
41.720000,1.135500,340.350447,264.992133
41.728000,1.051609,335.599576,265.787830
41.736000,0.999995,337.798082,260.161647
41.744000,0.835486,337.758291,262.994097
41.752000,1.003218,335.300317,263.455096
41.760000,0.867713,340.910440,265.187805
41.768000,0.948382,339.217835,262.224009
41.776000,0.951604,341.078767,268.069517
41.784000,0.832264,339.107651,264.553293
41.792000,1.025777,335.697433,264.353539
41.800000,0.987105,342.579503,263.531460
41.808000,1.022554,341.905748,259.070363
41.816000,1.041941,342.569494,255.972805
41.824000,1.012886,345.501375,261.408156
41.832000,1.425795,338.769232,263.438341
41.840000,2.045159,338.084742,266.746315
41.848000,2.354841,341.238836,261.878162
41.856000,1.438686,339.979901,256.850026
41.864000,0.767709,341.718019,254.652783
41.872000,0.841932,336.735196,264.465989
41.880000,0.693536,338.584051,261.591892
41.888000,0.767709,339.059413,261.514250
41.896000,0.783873,336.115798,262.268182
41.904000,0.787095,343.674489,264.017405
41.912000,0.816100,337.640610,258.053220
41.920000,0.880655,338.791663,265.178779
41.928000,0.841932,343.377674,257.228970
41.936000,0.932268,334.578354,267.488894
41.944000,0.929046,340.268427,257.854195
41.952000,0.938714,337.327282,257.290370
41.960000,0.948382,338.380038,264.023084
41.968000,1.009664,330.800364,262.902538
41.976000,0.987105,334.498381,253.988802
41.984000,1.045164,336.075923,259.288160
41.992000,1.077391,339.651185,263.727554
42.000000,1.012886,333.444265,260.842410
42.008000,1.196782,337.132075,263.801211
42.016000,1.148391,333.603758,262.827020
42.024000,1.193559,330.700496,252.112679
42.032000,1.103223,330.576222,265.554846
42.040000,1.161282,336.474725,261.281575
42.048000,1.270954,336.097987,256.439607
42.056000,1.248396,340.410030,261.891700
42.064000,1.187114,333.401579,256.862317
42.072000,1.009664,335.210063,256.834594
42.080000,1.083886,329.254207,256.664969
42.088000,0.948382,339.244331,254.161125
42.096000,0.970941,336.605195,261.322641
42.104000,0.896768,332.178633,261.933347
42.112000,0.880655,332.878101,253.342336
42.120000,0.729036,337.940154,261.581478
42.128000,0.858045,333.228498,259.850647
42.136000,0.870936,333.885965,256.411821
42.144000,0.909659,335.582021,262.189642
42.152000,0.906436,331.396335,258.007517
42.160000,0.967718,330.796563,260.783111
42.168000,0.893545,336.853289,269.569516
42.176000,0.999995,336.890276,258.538986
42.184000,0.906436,334.180313,257.557949
42.192000,0.945159,338.255420,265.258901
42.200000,1.022554,330.116223,270.168660
42.208000,0.987105,333.010106,264.463461
42.216000,1.041941,338.253231,266.215866
42.224000,1.045164,335.781607,260.992883
42.232000,1.074168,335.657425,264.944893
42.240000,1.022554,333.442009,263.273872
42.248000,1.077391,338.435952,266.484221
42.256000,1.029000,334.564925,257.525084
42.264000,0.983882,335.239135,252.556405
42.272000,1.058054,339.134788,260.571082
42.280000,1.080613,335.496184,265.939854
42.288000,0.993550,335.248667,260.910902
42.296000,1.038718,334.013271,260.774960
42.304000,1.003218,328.555954,262.408755
42.312000,1.103223,336.469651,259.853632
42.320000,0.977386,342.138280,264.689954
42.328000,1.048386,337.719247,264.059777
42.336000,1.087109,338.771586,264.253946
42.344000,1.022554,333.893052,262.740418
42.352000,1.032273,340.318378,263.262240
42.360000,1.161282,339.519842,259.915427
42.368000,1.009664,339.146745,266.350524
42.376000,1.135500,338.912253,257.348448
42.384000,1.235454,340.350972,258.939477
42.392000,1.109668,336.592504,268.520755
42.400000,1.064500,331.961076,268.591909
42.408000,0.935491,338.379566,264.058918
42.416000,0.948382,342.612989,262.963821
42.424000,0.983882,339.603110,262.328204
42.432000,0.851600,336.082627,270.688571
42.440000,1.054832,335.804323,264.957032
42.448000,0.932268,341.719007,263.860856
42.456000,0.899991,334.100323,265.746041
42.464000,1.022554,340.403709,266.733372
42.472000,1.158059,340.949442,263.394401
42.480000,1.012886,335.672200,261.651049
42.488000,0.983882,336.998976,264.678018
42.496000,0.922550,336.490106,267.447749
42.504000,1.348400,338.567899,264.153769
42.512000,1.903209,342.223151,259.561078
42.520000,2.400009,342.013278,257.774081
42.528000,1.977432,338.717564,264.464103
42.536000,1.090332,337.915694,262.025419
42.544000,0.780650,341.317913,264.485010
42.552000,0.754818,341.040361,260.906684
42.560000,0.674200,341.636689,263.773671
42.568000,0.858045,342.814141,261.831741
42.576000,0.845154,339.060789,262.190025
42.584000,0.883877,340.620097,258.511021
42.592000,0.816100,336.257091,259.954084
42.600000,0.883877,339.028883,265.545464
42.608000,0.841932,340.356308,259.419561
42.616000,0.909659,333.912468,262.196523
42.624000,0.925772,342.078969,255.954484
42.632000,1.119336,338.388044,260.958922
42.640000,1.019332,338.728095,264.223707
42.648000,1.070945,335.981520,264.282229
42.656000,1.141946,340.910184,265.552331
42.664000,1.177395,328.070580,256.869955
42.672000,1.161282,339.626506,259.361132
42.680000,1.112891,338.082125,263.768768
42.688000,1.277400,331.920026,255.367571
42.696000,1.222564,340.444972,255.774191
42.704000,1.164504,339.915029,258.157917
42.712000,1.367736,335.373730,257.678184
42.720000,1.306455,337.835168,259.569016
42.728000,1.270954,332.989318,261.603470
42.736000,1.245173,334.034076,264.135513
42.744000,1.170950,341.826214,265.415559
42.752000,1.080613,338.093216,257.190158
42.760000,1.116114,337.756766,260.608786
42.768000,1.032273,339.729883,262.886707
42.776000,1.070945,336.519240,256.219862
42.784000,0.961273,334.597825,259.513028
42.792000,0.893545,340.558030,261.917517
42.800000,0.909659,337.311892,253.163726
42.808000,0.922550,336.573980,265.253285
42.816000,0.974163,335.216519,261.820911
42.824000,0.935491,334.341639,260.478785
42.832000,0.922550,340.254167,254.705472
42.840000,1.045164,338.262676,264.152523
42.848000,0.967718,330.984441,252.970779
42.856000,0.880655,335.986323,259.347288
42.864000,1.074168,340.602880,261.615116
42.872000,1.019332,335.562776,261.926385
42.880000,0.987105,334.307639,263.484302
42.888000,0.874159,334.743349,258.026617
42.896000,1.025777,329.896568,259.746033
42.904000,0.958050,339.148984,262.645627
42.912000,1.006441,332.871913,261.816302
42.920000,1.041941,335.458040,261.116727
42.928000,0.941936,335.806864,262.166619
42.936000,1.032273,331.433453,259.132279
42.944000,1.048386,338.080119,260.305284
42.952000,0.861268,337.552087,266.582336
42.960000,0.987105,337.374968,264.757807
42.968000,0.958050,334.147864,261.221067
42.976000,1.087109,331.445765,263.824896
42.984000,0.922550,333.448128,260.401963
42.992000,0.945159,333.644067,262.716645
43.000000,1.132227,336.511994,256.572459
43.008000,0.803209,336.034846,262.608044
43.016000,0.945159,337.225573,264.685288
43.024000,0.822545,334.481168,262.576838
43.032000,0.841932,334.898159,267.460691
43.040000,0.948382,336.206138,260.221593
43.048000,0.919327,333.868716,256.864528
43.056000,0.925772,335.492737,263.709487
43.064000,1.035496,334.845490,261.088873
43.072000,1.058054,329.074942,263.722999
43.080000,0.903214,336.060297,267.237571
43.088000,0.903214,336.074579,260.920846
43.096000,0.806432,335.222048,259.839570
43.104000,0.751595,331.071179,266.691121
43.112000,0.780650,332.971376,265.864270
43.120000,0.764486,337.791488,268.573704
43.128000,0.499973,342.616940,262.990980
43.136000,0.464523,341.068713,263.889229
43.144000,0.577418,338.757843,256.822568
43.152000,0.625809,333.352444,267.887234
43.160000,0.677423,339.637326,263.085005
43.168000,0.577418,340.347411,262.638516
43.176000,0.751595,342.794060,263.129516
43.184000,0.548363,335.955548,265.581226
43.192000,0.748373,337.141427,266.551533
43.200000,1.251618,338.997139,264.864567
43.208000,1.729032,330.998643,265.666075
43.216000,2.019377,339.673969,264.630750
43.224000,1.064500,336.298474,263.467597
43.232000,0.587086,335.329104,261.299081
43.240000,0.593532,336.035376,264.990757
43.248000,0.599977,332.614501,267.215942
43.256000,0.612868,334.983794,263.926059
43.264000,0.677423,342.211295,261.188918
43.272000,0.690314,338.117914,258.836133
43.280000,0.590309,339.009028,263.062993
43.288000,0.770932,339.531953,262.411037
43.296000,0.648368,339.810783,265.411451
43.304000,0.835486,343.274171,256.906776
43.312000,0.938714,338.354948,261.724120
43.320000,0.935491,336.752391,260.649194
43.328000,0.870936,338.111249,260.164500
43.336000,1.003218,341.222894,259.978099
43.344000,0.983882,345.150754,259.090983
43.352000,1.054832,336.836522,261.470115
43.360000,1.038718,340.552446,258.953217
43.368000,0.958050,339.196326,259.345775
43.376000,1.135500,344.977869,256.901737
43.384000,1.109668,344.544377,261.188307
43.392000,1.183841,342.632667,263.913964
43.400000,1.148391,340.386018,262.040581
43.408000,1.267732,341.248954,261.480487
43.416000,1.167727,338.664093,260.330283
43.424000,1.170950,340.928574,260.938174
43.432000,1.119336,339.375330,258.175905
43.440000,1.167727,338.811791,254.648288
43.448000,0.996773,335.982276,259.204697
43.456000,0.919327,339.112818,257.357079
43.464000,0.912882,340.330025,266.077071
43.472000,0.829041,335.528558,261.367665
43.480000,0.967718,341.099451,259.788055
43.488000,0.906436,338.720467,264.635254
43.496000,0.841932,329.399592,257.792994
43.504000,0.854823,336.109034,258.712365
43.512000,0.861268,330.099151,258.501344
43.520000,0.987105,331.860615,261.061105
43.528000,1.025777,333.361710,262.672939
43.536000,0.864491,337.369411,260.711646
43.544000,0.967718,331.264413,260.419038
43.552000,1.016109,332.588365,260.745232
43.560000,0.919327,336.662771,263.662217
43.568000,0.958050,337.005510,261.632418
43.576000,0.987105,332.066349,264.417092
43.584000,0.887100,333.280154,255.389303
43.592000,0.945159,334.071982,263.741098
43.600000,1.061277,333.870304,257.616802
43.608000,1.012886,336.629034,257.341089
43.616000,0.890323,332.748691,261.160682
43.624000,1.087109,334.324142,261.304705
43.632000,1.048386,334.767113,257.826777
43.640000,1.206450,338.777687,258.649942
43.648000,0.896768,331.038674,260.954026
43.656000,1.206450,335.153232,260.117913
43.664000,1.003218,334.208540,263.995485
43.672000,1.145168,334.659816,261.962442
43.680000,0.945159,339.232187,262.076776
43.688000,1.087109,333.601224,260.740032
43.696000,1.048386,328.323611,260.730099
43.704000,1.141946,333.056570,261.697664
43.712000,0.996773,337.012884,261.065391
43.720000,1.148391,332.157611,264.172523
43.728000,1.161282,336.866926,260.396815
43.736000,1.116114,335.406305,262.140888
43.744000,1.122559,336.117111,267.008835
43.752000,1.116114,338.258529,259.909470
43.760000,1.109668,334.599428,261.925424
43.768000,1.029000,332.593676,260.428716
43.776000,1.045164,335.293152,259.905768
43.784000,0.932268,337.208700,258.135592
43.792000,1.012886,333.176573,262.915191
43.800000,0.996773,330.917142,261.450576
43.808000,0.974163,332.624697,256.518847
43.816000,1.154836,337.726384,262.621119
43.824000,1.161282,336.064112,262.925964
43.832000,1.022554,334.760749,262.127663
43.840000,1.274177,336.230818,265.741071
43.848000,0.993550,329.201739,263.963452
43.856000,1.016109,337.635489,262.808790
43.864000,1.383850,334.476301,262.780257
43.872000,1.974209,334.274304,264.902588
43.880000,2.374228,342.195555,265.418854
43.888000,1.758087,337.839021,266.556209
43.896000,0.916104,337.828156,260.476524
43.904000,0.780650,334.678047,269.714452
43.912000,0.970941,342.667972,264.510499
43.920000,0.829041,339.225718,262.644297
43.928000,0.906436,338.168610,265.237263
43.936000,0.945159,335.413293,265.778546
43.944000,0.858045,334.445930,267.596988
43.952000,0.906436,336.374098,267.395133
43.960000,0.987105,339.749642,260.909892
43.968000,0.912882,335.002992,263.256173
43.976000,1.025777,341.902293,262.486967
43.984000,1.051609,335.031789,268.918863
43.992000,1.090332,338.076920,266.122161
44.000000,1.200005,338.171209,262.772106
44.008000,1.209673,341.408112,263.231124
44.016000,1.196782,338.055620,264.780848
44.024000,1.254841,335.792524,266.587976
44.032000,1.151614,341.954612,262.292857
44.040000,1.319345,339.910761,263.168243
44.048000,1.209673,334.307211,268.651818
44.056000,1.361291,342.422551,263.950893
44.064000,1.287068,343.734310,262.370216
44.072000,1.419350,341.892819,256.553590
44.080000,1.380627,340.088375,261.360183
44.088000,1.409682,336.904323,258.550015
44.096000,1.277400,341.500092,263.140861
44.104000,1.296786,341.643828,262.752519
44.112000,1.212895,338.216302,259.945879
44.120000,1.164504,338.741288,255.192786
44.128000,1.158059,339.537868,262.926517
44.136000,0.948382,337.879434,263.962299
44.144000,0.925772,334.532345,258.799018
44.152000,0.996773,338.801057,265.442642
44.160000,0.906436,341.095811,256.242448
44.168000,0.916104,338.796439,258.475052
44.176000,1.006441,334.908852,259.169035
44.184000,0.893545,336.171156,264.044983
44.192000,1.012886,337.331129,255.542660
44.200000,0.970941,337.955877,263.453138
44.208000,0.945159,338.134449,259.889302
44.216000,1.051609,339.097131,256.837030
44.224000,0.954827,340.358595,260.566843
44.232000,1.012886,340.317653,260.071857
44.240000,1.158059,339.165398,258.802973
44.248000,0.993550,335.533560,258.543014
44.256000,1.174173,339.164229,263.409314
44.264000,1.019332,334.007026,261.525682
44.272000,0.987105,335.108236,262.086472
44.280000,1.116114,335.369307,260.490134
44.288000,0.990327,338.230355,261.919707
44.296000,1.087109,332.391344,261.068225
44.304000,0.961273,330.418756,262.079927
44.312000,1.106445,338.810003,254.914380
44.320000,0.909659,331.505273,257.188802
44.328000,1.051609,337.442931,261.879655
44.336000,1.077391,330.202665,267.981694
44.344000,1.087109,332.887343,259.143612
44.352000,1.022554,337.907752,259.281581
44.360000,1.122559,336.697015,257.368751
44.368000,1.074168,338.697938,253.597168
44.376000,1.100000,332.767212,265.744113
44.384000,1.038718,334.704047,260.300736
44.392000,1.167727,338.095691,262.445685
44.400000,0.899991,335.085705,261.826529
44.408000,0.958050,341.517952,259.035381
44.416000,0.945159,336.023806,258.742270
44.424000,0.945159,333.336477,262.058049
44.432000,0.932268,338.301561,264.666101
44.440000,0.958050,331.098899,265.786540
44.448000,0.990327,331.231539,259.922226
44.456000,0.925772,332.666022,264.483934
44.464000,0.951604,338.006510,257.867333
44.472000,0.977386,332.490039,262.735584
44.480000,0.890323,331.906686,260.864559
44.488000,1.006441,335.589535,263.102842
44.496000,1.538691,334.277291,261.445908
44.504000,2.170996,330.813502,264.168936
44.512000,2.370954,336.076492,265.743671
44.520000,1.245173,337.990602,259.620752
44.528000,0.890323,331.034703,257.852827
44.536000,0.729036,332.426100,262.238991
44.544000,0.635477,337.864003,263.649931
44.552000,0.645145,338.459958,261.617349
44.560000,0.712873,336.286572,264.324169
44.568000,0.816100,334.616192,262.138619
44.576000,0.848377,333.762772,265.305722
44.584000,0.822545,334.930773,261.717455
44.592000,0.867713,335.599508,265.395853
44.600000,0.974163,338.094905,261.780479
44.608000,1.022554,339.836639,257.272550
44.616000,0.848377,338.607758,263.442875
44.624000,1.019332,336.734747,269.598035
44.632000,1.070945,344.253771,267.542025
44.640000,0.929046,342.113180,264.054413
44.648000,1.061277,337.104121,264.570275
44.656000,1.087109,334.477433,267.677358
44.664000,1.109668,331.914431,268.150066
44.672000,1.064500,334.466208,266.942781
44.680000,1.167727,336.100091,269.927618
44.688000,1.200005,342.248470,266.818746
44.696000,1.161282,336.536080,263.047753
44.704000,1.322568,336.888987,268.253984
44.712000,1.245173,333.131891,267.318935
44.720000,1.096777,335.885294,265.687931
44.728000,1.109668,334.999351,260.956508
44.736000,1.222564,336.254600,269.954519
44.744000,0.996773,338.163885,265.290889
44.752000,1.074168,341.703215,263.254449
44.760000,0.948382,337.933101,265.527998
44.768000,0.993550,340.272903,263.402099
44.776000,0.932268,341.772076,262.481070
44.784000,0.864491,339.101205,268.124061
44.792000,0.883877,338.745037,263.871162
44.800000,0.841932,337.182954,264.577492
44.808000,0.938714,342.263375,263.219495
44.816000,0.903214,336.885704,264.139264
44.824000,0.906436,338.894450,258.510923
44.832000,1.087109,336.289482,260.744597
44.840000,0.883877,339.666589,262.006677
44.848000,1.151614,333.885626,265.844648
44.856000,1.109668,341.676652,258.503908
44.864000,1.074168,338.859473,262.632982
44.872000,1.232232,337.356557,258.534607
44.880000,1.129004,341.594446,261.731950
44.888000,1.077391,342.513789,264.231210
44.896000,1.125782,333.324325,260.509919
44.904000,1.158059,332.000919,262.131946
44.912000,1.245173,342.492534,265.336953
44.920000,1.148391,341.902648,258.012826
44.928000,1.270954,344.885035,260.456417
44.936000,1.090332,340.190050,261.189485
44.944000,1.319345,336.955348,263.759798
44.952000,0.996773,335.293727,260.761988
44.960000,1.206450,341.828303,258.146411
44.968000,1.238727,338.575683,252.814538
44.976000,1.225786,341.100153,254.903237
44.984000,1.080613,336.754054,257.527156
44.992000,1.206450,335.709236,263.883631
45.000000,1.154836,341.992256,260.289152
45.008000,1.258064,335.074257,260.544143
45.016000,1.119336,340.453128,257.599979
45.024000,1.035496,330.563605,260.430609
45.032000,1.129004,334.385871,261.915481
45.040000,0.922550,331.861494,266.622569
45.048000,1.012886,336.199137,262.189022
45.056000,1.009664,333.657823,259.678071
45.064000,1.022554,336.508509,255.690377
45.072000,0.883877,335.245659,259.668043
45.080000,0.925772,334.902391,258.428417
45.088000,1.045164,333.966907,261.120936
45.096000,0.877432,336.243964,264.209780
45.104000,1.087109,335.638781,258.929789
45.112000,1.067723,340.137237,259.866369
45.120000,0.912882,333.723323,259.071919
45.128000,1.580636,333.448012,259.594989
45.136000,2.170996,337.474127,262.227875
45.144000,2.458068,338.784274,262.106511
45.152000,1.429018,337.031834,265.205603
45.160000,0.858045,336.810341,260.761223
45.168000,0.699982,330.112742,260.640398
45.176000,0.690314,336.064587,260.425861
45.184000,0.687091,336.125897,260.366137
45.192000,0.858045,332.578758,261.681092
45.200000,0.667704,344.121820,265.372795
45.208000,0.929046,338.408870,257.281073
45.216000,0.854823,330.620331,262.442382
45.224000,0.919327,333.197886,266.732756
45.232000,0.974163,332.021222,262.891635
45.240000,1.012886,333.167158,261.746365
45.248000,1.048386,337.011076,266.438743
45.256000,1.170950,330.930951,265.858368
45.264000,1.158059,336.617743,264.515005
45.272000,1.129004,330.290270,262.955966
45.280000,1.154836,328.887227,263.335966
45.288000,1.258064,335.612963,258.107961
45.296000,1.248396,331.937679,255.019826
45.304000,1.303232,333.220310,255.351351
45.312000,1.264509,333.536260,260.654350
45.320000,1.354846,333.935222,258.878545
45.328000,1.245173,335.345334,260.908092
45.336000,1.374182,338.648033,265.279028
45.344000,1.264509,336.970123,263.448172
45.352000,1.345177,337.283503,267.310615
45.360000,1.187114,343.261647,264.350442
45.368000,1.325791,337.435868,260.868526
45.376000,1.232232,337.782903,261.570264
45.384000,1.254841,338.730165,262.846638
45.392000,1.054832,335.328935,264.360941
45.400000,1.116114,339.868701,263.585933
45.408000,1.019332,335.946469,266.333018
45.416000,1.045164,339.060502,260.515064
45.424000,0.938714,338.585980,263.112380
45.432000,0.990327,335.744595,265.205102
45.440000,1.032273,334.882885,264.750971
45.448000,1.106445,335.581167,266.774157
45.456000,0.951604,338.835066,264.065386
45.464000,1.054832,335.828735,265.531403
45.472000,1.041941,338.818468,263.999643
45.480000,1.041941,341.183491,262.063811
45.488000,1.022554,338.934660,260.449879
45.496000,1.100000,333.082974,264.924518
45.504000,0.970941,338.495515,264.001315
45.512000,1.151614,335.203632,266.357454
45.520000,1.022554,333.731711,271.672222
45.528000,1.032273,334.432055,255.925373
45.536000,1.009664,334.247885,265.723816
45.544000,1.054832,340.643264,260.449895
45.552000,0.964495,335.557438,265.803074
45.560000,1.058054,338.415531,264.928137
45.568000,0.987105,339.212570,263.924650
45.576000,1.048386,338.450721,260.417848
45.584000,0.954827,340.262241,264.555207
45.592000,0.977386,340.229639,263.630379
45.600000,1.051609,341.923902,260.385712
45.608000,0.996773,341.798897,260.139576
45.616000,0.996773,338.998153,257.414325
45.624000,1.029000,340.231072,262.640948
45.632000,0.993550,337.591296,258.188496
45.640000,1.045164,343.678876,262.228059
45.648000,1.019332,338.042956,256.424738
45.656000,0.977386,334.784891,258.059006
45.664000,0.935491,340.919166,262.029984
45.672000,0.945159,339.835181,254.448122
45.680000,0.880655,338.701515,255.935705
45.688000,0.829041,341.425400,260.823686
45.696000,0.790318,339.954738,257.698634
45.704000,0.825818,334.786305,259.639072
45.712000,0.732259,336.013008,261.169990
45.720000,0.877432,339.899250,261.610857
45.728000,0.741927,336.544241,253.466837
45.736000,0.919327,335.049778,261.562941
45.744000,0.751595,343.386240,261.692256
45.752000,0.803209,337.919376,260.578727
45.760000,0.696759,334.650334,260.248618
45.768000,1.238727,337.356162,259.990283
45.776000,1.616136,338.556215,260.817994
45.784000,2.209668,336.402136,262.778398
45.792000,1.699977,335.437615,262.366900
45.800000,0.770932,334.440277,261.837886
45.808000,0.551586,334.580453,259.735911
45.816000,0.603200,331.444699,252.912585
45.824000,0.561254,332.399872,258.200651
45.832000,0.458027,336.020072,254.735807
45.840000,0.558032,326.990465,254.159938
45.848000,0.461250,337.769040,261.501639
45.856000,0.603200,337.248295,256.236060
45.864000,0.616091,335.040042,261.853427
45.872000,0.651591,336.800259,262.376454
45.880000,0.629032,335.163553,257.596316
45.888000,0.803209,335.255018,261.360216
45.896000,0.687091,334.501605,262.174005
45.904000,0.738705,332.636143,263.256296
45.912000,0.783873,334.233218,260.128453
45.920000,0.735482,333.323582,256.425927
45.928000,0.780650,331.374554,264.434032
45.936000,0.790318,334.792952,265.494709
45.944000,0.835486,331.924319,265.972818
45.952000,0.799986,335.525353,266.750530
45.960000,0.909659,332.776056,261.121994
45.968000,0.877432,338.123654,263.037497
45.976000,0.854823,332.973015,264.598678
45.984000,0.925772,336.449794,260.662652
45.992000,0.874159,333.863620,261.629126
46.000000,0.809654,333.797081,252.752966
46.008000,0.880655,333.548738,260.341722
46.016000,0.806432,332.235194,264.281243
46.024000,0.796764,332.612012,264.058650
46.032000,0.722591,333.371486,266.163084
46.040000,0.587086,330.737587,257.370973
46.048000,0.612868,338.122723,262.428333
46.056000,0.619364,335.969633,264.983917
46.064000,0.532250,339.486360,261.488074
46.072000,0.690314,332.722371,261.547038
46.080000,0.512863,342.479455,261.018380
46.088000,0.629032,339.323676,263.793329
46.096000,0.629032,341.070506,265.210096
46.104000,0.574195,337.564552,269.252126
46.112000,0.751595,343.933858,266.043394
46.120000,0.764486,335.230389,264.167180
46.128000,0.729036,330.244161,263.406455
46.136000,0.803209,339.917540,262.885037
46.144000,0.758041,335.468908,267.527687
46.152000,0.735482,342.735650,261.793256
46.160000,0.803209,339.113716,261.883287
46.168000,0.758041,334.342531,261.898580
46.176000,0.751595,341.122207,266.916999
46.184000,0.764486,336.318892,264.674976
46.192000,0.687091,340.042844,261.965301
46.200000,0.761263,337.534718,264.216396
46.208000,0.816100,339.866035,264.863701
46.216000,0.635477,333.536357,268.207093
46.224000,0.893545,336.102456,263.683939
46.232000,0.832264,337.434489,266.097783
46.240000,0.903214,335.528842,263.047986
46.248000,0.806432,337.206417,267.025813
46.256000,1.006441,337.489525,270.275453
46.264000,0.761263,335.939102,258.654403
46.272000,0.919327,339.494588,266.061011
46.280000,0.922550,336.984816,266.672953
46.288000,0.990327,336.941108,257.585775
46.296000,1.016109,339.338907,256.507275
46.304000,0.874159,339.110497,259.422221
46.312000,0.919327,338.273924,263.298451
46.320000,0.912882,343.050372,263.895276
46.328000,0.893545,339.679388,259.622546
46.336000,0.838709,340.719392,258.792378
46.344000,0.977386,341.979664,260.225528
46.352000,0.919327,339.928363,262.658814
46.360000,0.841932,334.429100,266.581612
46.368000,0.974163,340.889477,260.124919
46.376000,0.899991,341.959771,258.330866
46.384000,0.832264,340.946173,252.981988
46.392000,0.935491,337.329026,263.539748
46.400000,0.722591,334.992978,258.110039
46.408000,1.158059,339.420679,259.908458
46.416000,1.580636,335.672824,259.027658
46.424000,2.296782,344.733236,258.395458
46.432000,2.264504,337.199545,261.556643
46.440000,1.164504,339.903718,260.844567
46.448000,0.832264,341.209310,259.772358
46.456000,0.745150,335.487028,257.281403
46.464000,0.816100,330.241557,258.353205
46.472000,0.738705,340.254762,261.127076
46.480000,0.767709,339.496999,258.424293
46.488000,0.854823,340.717132,263.349445
46.496000,0.841932,340.589545,258.356104
46.504000,0.993550,334.135710,260.826386
46.512000,1.009664,335.488483,264.990284
46.520000,0.954827,333.649007,262.386113
46.528000,1.064500,331.685017,261.619678
46.536000,1.106445,334.043556,258.984868
46.544000,1.035496,333.866400,259.185793
46.552000,1.158059,334.160064,261.819291
46.560000,1.083886,334.917556,261.308122
46.568000,1.058054,334.959101,257.436910
46.576000,1.212895,329.007539,261.222725
46.584000,1.270954,336.295308,253.958163
46.592000,1.229009,332.820705,261.074007
46.600000,1.177395,331.492066,259.651905
46.608000,1.180618,336.649589,258.180933
46.616000,1.219341,335.473597,260.940715
46.624000,1.358068,332.944288,257.267150
46.632000,1.322568,330.931738,258.428831
46.640000,1.164504,331.950474,262.648506
46.648000,1.270954,337.631168,264.615040
46.656000,1.151614,336.377284,263.358735
46.664000,1.167727,334.210440,258.141345
46.672000,1.106445,334.352563,259.835075
46.680000,1.122559,334.856800,262.222797
46.688000,0.941936,335.958953,261.628591
46.696000,1.009664,332.608691,260.450515
46.704000,1.012886,334.255243,264.547872
46.712000,0.880655,336.356623,259.469261
46.720000,0.996773,334.207217,263.189759
46.728000,0.941936,335.136110,259.299699
46.736000,1.045164,332.002126,265.848308
46.744000,1.106445,337.918840,260.889878
46.752000,1.154836,334.245064,268.752886
46.760000,1.116114,333.976675,262.055554
46.768000,1.112891,334.958055,259.309134
46.776000,1.112891,335.998639,265.604649
46.784000,1.096777,339.108363,257.907622
46.792000,1.219341,333.115334,265.238474
46.800000,1.019332,336.733643,264.743867
46.808000,1.090332,338.548981,258.057045
46.816000,1.109668,337.143031,264.005736
46.824000,1.129004,336.681902,264.551231
46.832000,1.158059,332.662002,262.465722
46.840000,1.038718,335.500794,261.641718
46.848000,1.151614,334.015021,259.356069
46.856000,1.074168,335.421221,261.062329
46.864000,1.054832,336.636576,262.739443
46.872000,1.054832,335.710546,262.548592
46.880000,1.148391,341.110089,264.440163
46.888000,1.151614,340.839102,265.281697
46.896000,1.267732,332.504396,263.476304
46.904000,1.161282,340.701849,262.630043
46.912000,1.206450,336.055108,263.581289
46.920000,1.090332,339.786511,265.150470
46.928000,1.080613,333.671238,262.895468
46.936000,1.064500,335.210128,269.608143
46.944000,1.109668,342.249841,262.289084
46.952000,1.054832,339.846729,256.187946
46.960000,0.993550,339.636866,267.760010
46.968000,1.170950,333.853021,267.142789
46.976000,1.054832,332.044761,266.596906
46.984000,1.064500,335.478183,266.481116
46.992000,1.125782,341.103175,260.746242
47.000000,1.045164,338.667066,267.452884
47.008000,1.222564,336.833260,265.722173
47.016000,0.945159,335.416336,263.448771
47.024000,1.332236,332.602506,262.918027
47.032000,2.038714,337.364180,265.680667
47.040000,2.441955,337.203156,267.217109
47.048000,2.251614,339.798774,267.277085
47.056000,1.006441,335.162065,265.457183
47.064000,0.893545,338.644522,263.996621
47.072000,0.780650,339.631939,260.933809
47.080000,0.703204,342.319268,261.653463
47.088000,0.935491,338.771919,258.498276
47.096000,0.848377,338.891478,257.031123
47.104000,0.890323,340.884844,263.069606
47.112000,0.925772,336.352105,260.409779
47.120000,0.945159,340.608477,264.430469
47.128000,1.087109,338.331556,260.535431
47.136000,0.980659,342.015397,257.591940
47.144000,1.116114,338.842831,264.187193
47.152000,1.016109,335.327386,260.069006
47.160000,1.132227,331.955441,256.422325
47.168000,1.054832,333.902795,260.941027
47.176000,0.970941,340.833240,260.176741
47.184000,1.196782,340.701130,263.510204
47.192000,1.122559,339.542731,258.617959
47.200000,1.064500,334.692686,265.129558
47.208000,1.222564,336.463579,259.473277
47.216000,1.067723,341.065578,263.197710
47.224000,1.261286,342.943543,253.921637
47.232000,1.200005,336.695984,259.464197
47.240000,1.232232,334.772728,262.261191
47.248000,1.219341,335.223423,257.640517
47.256000,1.119336,336.789858,258.957666
47.264000,1.170950,340.091340,261.872396
47.272000,1.061277,343.683960,256.769737
47.280000,0.961273,335.064673,265.991284
47.288000,0.974163,338.625907,258.886378
47.296000,1.035496,329.942124,258.393160
47.304000,1.032273,336.091032,259.655653
47.312000,0.858045,334.294303,265.604270
47.320000,0.990327,332.390053,254.071937
47.328000,0.816100,340.044198,259.818944
47.336000,0.945159,331.413111,261.129041
47.344000,0.987105,334.895867,261.803660
47.352000,1.125782,335.921015,264.417887
47.360000,0.945159,329.013554,261.348173
47.368000,1.106445,337.663211,259.050864
47.376000,1.109668,339.001645,261.324514
47.384000,1.009664,335.215653,262.926588
47.392000,1.006441,339.846319,256.443703
47.400000,1.154836,334.770781,263.255956
47.408000,1.006441,330.087826,262.408709
47.416000,0.996773,336.089554,261.427083
47.424000,1.009664,331.947809,260.911556
47.432000,1.196782,334.119119,259.496750
47.440000,0.932268,333.698903,260.188978
47.448000,1.177395,330.654824,258.604112
47.456000,1.087109,334.070675,265.681295
47.464000,1.093555,337.375309,264.610298
47.472000,1.070945,333.955894,266.296601
47.480000,1.180618,334.442990,264.507923
47.488000,1.087109,334.190574,261.514310
47.496000,1.148391,333.150776,264.978958
47.504000,1.164504,333.748010,262.373612
47.512000,1.380627,334.843949,265.073374
47.520000,1.125782,332.784450,263.696264
47.528000,0.948382,338.127240,264.103047
47.536000,1.035496,335.692398,261.729187
47.544000,1.135500,336.309358,257.306513
47.552000,0.845154,335.123106,261.267949
47.560000,0.816100,338.038282,257.965755
47.568000,0.919327,337.751333,261.412491
47.576000,0.677423,334.948029,261.006764
47.584000,0.658036,330.118840,262.002295
47.592000,0.664482,336.522178,262.426155
47.600000,0.448359,340.176334,265.840612
47.608000,0.587086,336.690427,260.109231
47.616000,0.512863,335.873926,262.692328
47.624000,0.641923,342.246651,267.247489
47.632000,0.699982,337.945547,268.238677
47.640000,0.690314,337.975980,260.815902
47.648000,0.738705,340.574901,261.029802
47.656000,0.754818,339.697527,265.942112
47.664000,1.332236,339.037692,267.374080
47.672000,1.912927,332.312280,268.790324
47.680000,2.519350,340.105984,265.167856
47.688000,1.777423,337.370534,263.301089
47.696000,0.999995,335.342742,265.708040
47.704000,0.716095,337.146061,263.866491
47.712000,0.622586,340.338167,266.912943
47.720000,0.867713,339.075106,265.345237
47.728000,0.864491,332.339281,265.524075
47.736000,0.838709,337.684936,260.002999
47.744000,0.909659,338.144512,263.000063
47.752000,0.983882,335.936207,270.664440
47.760000,0.948382,330.941395,267.406470
47.768000,0.964495,330.747813,261.763373
47.776000,1.041941,339.332982,268.948323
47.784000,0.996773,342.128581,259.002209
47.792000,1.158059,334.484465,264.462435
47.800000,1.032273,342.570205,260.807276
47.808000,1.258064,340.648208,253.602245
47.816000,1.100000,335.202008,261.538576
47.824000,1.203227,341.949851,265.432891
47.832000,1.245173,339.521140,261.896051
47.840000,1.358068,339.669651,264.721789
47.848000,1.419350,339.330776,265.635297
47.856000,1.316123,341.304773,257.016068
47.864000,1.425795,340.283872,260.466606
47.872000,1.390295,347.689305,259.562418
47.880000,1.322568,338.556615,259.379512
47.888000,1.435463,340.422504,255.918240
47.896000,1.335459,336.838092,258.759728
47.904000,1.322568,336.198214,254.476585
47.912000,1.322568,342.007627,260.185650
47.920000,1.296786,341.296967,258.438582
47.928000,1.303232,338.062706,259.746828
47.936000,1.151614,342.076699,261.181003
47.944000,1.100000,333.579032,259.113463
47.952000,1.170950,339.766302,260.722175
47.960000,0.987105,340.685262,263.101050
47.968000,1.041941,334.357063,247.677521
47.976000,1.070945,335.883521,260.303198
47.984000,1.093555,334.151123,259.416887
47.992000,1.048386,340.403999,258.519952
48.000000,1.106445,333.035506,265.343935
48.008000,1.009664,329.967133,261.222431
48.016000,1.170950,337.239121,256.528888
48.024000,1.229009,334.109916,259.149662
48.032000,1.203227,330.462050,260.219741
48.040000,1.229009,332.575084,261.442890
48.048000,1.241950,332.898509,260.088305
48.056000,1.254841,332.453530,259.902412
48.064000,1.325791,331.352118,258.680767
48.072000,1.287068,329.591964,263.320931
48.080000,1.332236,332.569801,258.860546
48.088000,1.374182,333.067112,258.249919
48.096000,1.367736,334.870166,257.484701
48.104000,1.338682,334.497287,259.383140
48.112000,1.254841,339.276110,257.456195
48.120000,1.270954,328.958008,263.609237
48.128000,1.296786,336.326777,261.715110
48.136000,1.235454,336.601480,261.001290
48.144000,1.122559,334.790093,262.099504
48.152000,1.077391,336.827528,258.365455
48.160000,1.035496,334.382090,257.472326
48.168000,0.970941,330.552424,265.291876
48.176000,0.993550,338.332721,255.308273
48.184000,0.787095,332.476167,258.527528
48.192000,0.732259,334.079694,259.727038
48.200000,0.780650,336.515019,261.971612
48.208000,0.722591,335.288412,264.890792
48.216000,0.661259,332.995470,262.988457
48.224000,0.641923,333.292085,260.518109
48.232000,0.619364,332.644747,259.892489
48.240000,0.583864,337.851755,264.769604
48.248000,0.474191,337.042982,262.980272
48.256000,0.564477,336.770886,265.402203
48.264000,0.545141,330.749312,260.467112
48.272000,0.587086,333.083572,265.852117
48.280000,0.529027,332.567216,264.554725
48.288000,0.548363,334.040670,262.073843
48.296000,0.606423,329.463031,264.216468
48.304000,0.574195,334.196032,258.804282
48.312000,0.499973,330.882918,264.579487
48.320000,0.425800,331.421444,261.676108
48.328000,0.916104,335.961875,261.050529
48.336000,1.516132,343.762909,257.001224
48.344000,1.954823,337.284209,263.656027
48.352000,1.087109,332.302684,263.572452
48.360000,0.445136,330.802013,261.501973
48.368000,0.274182,329.668017,263.039846
48.376000,0.287073,335.465220,263.167426
48.384000,0.229014,338.831344,260.345902
48.392000,0.254795,339.888593,258.434361
48.400000,0.148345,339.289836,264.564030
48.408000,0.219345,338.839425,261.228891
48.416000,0.299963,337.926376,261.403331
48.424000,0.299963,334.825257,264.885689
48.432000,0.341909,335.129953,258.842925
48.440000,0.141900,340.006444,264.348366
48.448000,0.409636,336.310216,267.523933
48.456000,0.293518,328.776922,260.819801
48.464000,0.358022,334.889998,266.718540
48.472000,0.241904,340.574805,263.673659
48.480000,0.309682,331.280391,259.576048
48.488000,0.412909,335.707443,262.629227
48.496000,0.458027,342.346307,266.931482
48.504000,0.493527,332.777108,263.736589
48.512000,0.761263,337.438806,265.565633
48.520000,0.683868,332.646107,264.375385
48.528000,0.583864,336.321050,265.665937
48.536000,0.777427,340.905751,262.206143
48.544000,0.670977,339.798680,264.507820
48.552000,0.658036,336.916028,261.842605
48.560000,0.641923,341.874650,265.128197
48.568000,0.816100,336.841955,261.850003
48.576000,0.896768,339.698089,267.768096
48.584000,0.738705,336.916375,260.111139
48.592000,0.799986,333.777112,265.913720
48.600000,0.645145,344.338645,259.002283
48.608000,0.674200,340.712854,263.575751
48.616000,0.635477,335.033238,259.119609
48.624000,0.596754,341.779364,255.754048
48.632000,0.738705,342.428857,258.969063
48.640000,0.651591,335.847118,261.358156
48.648000,0.770932,337.336598,263.186444
48.656000,0.690314,337.496776,259.871135
48.664000,0.790318,338.883529,248.042080
48.672000,0.799986,335.526415,258.212550
48.680000,0.877432,336.389995,257.368278
48.688000,0.883877,339.820668,259.499503
48.696000,0.835486,339.456689,264.694307
48.704000,0.922550,338.587116,261.798238
48.712000,0.851600,342.544550,255.422566
48.720000,0.941936,332.368553,257.828365
48.728000,0.967718,334.776594,257.818537
48.736000,0.970941,339.313577,262.060055
48.744000,0.806432,337.118286,264.797681
48.752000,1.009664,338.775250,259.187299
48.760000,0.964495,334.174625,257.438146
48.768000,0.990327,336.133355,258.218736
48.776000,0.954827,335.671894,255.508502
48.784000,0.964495,332.333584,263.122713
48.792000,1.035496,335.571002,261.079351
48.800000,0.893545,335.751450,256.765490
48.808000,1.135500,334.933424,260.200242
48.816000,1.003218,333.984516,256.032082
48.824000,1.112891,335.324623,258.363125
48.832000,1.077391,336.737849,257.770227
48.840000,1.083886,334.543303,262.029500
48.848000,1.006441,331.660874,254.893762
48.856000,0.999995,336.269827,260.069286
48.864000,1.032273,337.663691,259.930700
48.872000,1.187114,337.945231,261.018964
48.880000,1.148391,331.702306,260.004085
48.888000,1.067723,337.415725,259.075788
48.896000,1.264509,333.037154,256.389275
48.904000,1.135500,340.121683,260.024505
48.912000,1.109668,337.211004,262.751996
48.920000,1.038718,334.268902,261.118198
48.928000,1.077391,336.973831,260.467387
48.936000,1.151614,329.848749,261.983077
48.944000,1.232232,339.281447,260.105362
48.952000,1.116114,327.957304,254.353610
48.960000,1.309677,338.013108,258.389023
48.968000,0.987105,331.055434,265.449236
48.976000,1.448405,333.068086,259.800832
48.984000,1.148391,335.537164,265.456400
48.992000,1.145168,336.844480,262.520826
49.000000,1.493523,334.218407,262.016241
49.008000,2.125827,337.170087,264.612504
49.016000,2.474182,329.153269,261.396056
49.024000,2.174218,330.911653,264.732971
49.032000,1.203227,331.809085,268.825521
49.040000,1.129004,332.571774,260.900925
49.048000,1.090332,331.188121,263.085497
49.056000,1.006441,335.009557,260.264448
49.064000,1.193559,337.182391,263.316221
49.072000,1.141946,334.415247,260.862939
49.080000,1.183841,340.987270,267.228706
49.088000,1.190336,340.345133,258.311712
49.096000,1.212895,332.386970,268.065049
49.104000,1.264509,328.752487,259.029320
49.112000,1.348400,338.024878,257.655960
49.120000,1.396791,336.711149,263.142776
49.128000,1.338682,340.966162,265.021574
49.136000,1.406459,336.760638,261.749010
49.144000,1.535468,337.992054,266.617294
49.152000,1.490300,341.272350,265.681766
49.160000,1.716141,336.485804,261.950034
49.168000,1.683864,333.235152,264.287923
49.176000,1.677418,339.868446,262.456429
49.184000,1.838705,343.392359,261.154677
49.192000,1.790314,332.755639,267.895097
49.200000,1.787091,337.918178,263.618924
49.208000,1.770977,340.163707,263.525557
49.216000,1.796759,332.967371,260.944657
49.224000,1.770977,330.703866,261.431643
49.232000,1.816146,337.936250,266.707240
49.240000,1.577414,343.116267,265.558444
49.248000,1.658082,341.109074,267.737416
49.256000,1.587082,338.228957,265.867847
49.264000,1.590304,332.129383,268.298563
49.272000,1.612914,336.868809,266.844792
49.280000,1.341955,334.326181,266.661589
49.288000,1.377404,337.125307,263.431000
49.296000,1.332236,341.898984,259.915885
49.304000,1.296786,336.768087,268.171040
49.312000,1.441909,339.069715,260.695438
49.320000,1.319345,338.827919,263.077171
49.328000,1.222564,339.180319,263.725110
49.336000,1.393568,339.811094,257.667610
49.344000,1.206450,339.709233,259.712476
49.352000,1.274177,336.295876,258.697679
49.360000,1.261286,340.590507,262.428807
49.368000,1.222564,340.971541,257.387292
49.376000,1.038718,335.226940,255.841424
49.384000,1.129004,339.147657,258.314639
49.392000,1.261286,336.602381,262.019198
49.400000,1.158059,341.644377,261.420287
49.408000,1.077391,335.537112,261.843545
49.416000,1.183841,334.345271,262.515469
49.424000,1.135500,337.802112,257.496642
49.432000,0.983882,330.867975,262.266278
49.440000,1.064500,340.766804,255.933646
49.448000,1.064500,336.092316,259.905674
49.456000,0.990327,337.468308,259.716025
49.464000,1.109668,331.458475,263.596662
49.472000,0.961273,337.114825,262.696099
49.480000,1.054832,334.636215,267.979752
49.488000,1.041941,336.456768,259.873924
49.496000,1.009664,338.208939,264.515811
49.504000,1.167727,334.007947,267.266798
49.512000,1.064500,334.105581,260.494242
49.520000,1.016109,333.289931,265.017905
49.528000,0.974163,335.576011,259.049697
49.536000,1.074168,337.229804,261.549366
49.544000,0.874159,332.035522,262.823901
49.552000,0.883877,335.874007,261.178686
49.560000,0.906436,335.344897,264.585437
49.568000,0.941936,338.029661,262.037072
49.576000,0.848377,336.714803,261.682378
49.584000,0.951604,334.922713,256.929829
49.592000,0.916104,336.364146,264.982397
49.600000,0.961273,332.157461,258.506570
49.608000,1.038718,338.641070,258.912941
49.616000,0.874159,334.774836,260.460802
49.624000,0.996773,337.015250,256.220069
49.632000,0.874159,338.034824,265.978795
49.640000,1.306455,336.274161,260.123533
49.648000,1.809700,336.473892,263.381824
49.656000,2.219387,338.487738,264.754211
49.664000,1.799982,332.683374,259.909715
49.672000,1.212895,340.367925,264.881458
49.680000,0.883877,334.529804,265.901696
49.688000,0.880655,336.415338,258.344800
49.696000,0.635477,337.662786,259.312989
49.704000,0.777427,332.476187,266.425106
49.712000,0.819322,336.487208,263.483011
49.720000,0.729036,336.248518,269.089914
49.728000,0.899991,331.028809,263.231162
49.736000,0.880655,340.234028,264.146823
49.744000,0.851600,340.695614,261.440189
49.752000,0.903214,339.283472,265.070170
49.760000,0.951604,333.371977,260.054212
49.768000,0.964495,326.048745,262.246592
49.776000,0.990327,330.667057,262.365742
49.784000,0.906436,336.479717,265.782941
49.792000,1.054832,332.805580,263.299061
49.800000,1.022554,339.475902,259.400279
49.808000,0.919327,333.093726,260.639014
49.816000,0.948382,336.586859,264.971041
49.824000,1.083886,331.107495,263.184055
49.832000,1.164504,338.830441,263.743360
49.840000,1.183841,340.020262,255.633707
49.848000,1.193559,333.119844,260.786387
49.856000,1.145168,341.466990,265.703581
49.864000,1.083886,338.393542,261.864842
49.872000,1.193559,338.954915,262.549138
49.880000,1.141946,339.008484,264.491194
49.888000,1.109668,334.579971,259.665675
49.896000,1.103223,334.970980,266.112833
49.904000,1.003218,331.023645,255.768127
49.912000,0.961273,333.583895,269.578462
49.920000,0.825818,333.941941,264.054120
49.928000,0.999995,341.095947,265.351425
49.936000,0.858045,334.943303,265.576955
49.944000,0.983882,337.062429,267.248691
49.952000,0.841932,338.397042,261.786379
49.960000,1.003218,338.710542,265.334690
49.968000,0.945159,333.442886,266.755275
49.976000,1.006441,331.342423,261.699826
49.984000,0.964495,333.524685,261.358948
49.992000,0.993550,334.403060,263.186361
50.000000,1.096777,339.695569,268.987931
50.008000,1.064500,333.929509,262.892139
50.016000,0.996773,333.618087,264.440637
50.024000,0.964495,338.960498,258.619107
50.032000,1.129004,338.069028,260.623094
50.040000,1.080613,340.031825,266.086211
50.048000,0.958050,340.073869,264.915981
50.056000,1.077391,338.080020,262.636770
50.064000,1.103223,337.955285,263.747391
50.072000,1.029000,344.471781,259.848198
50.080000,1.067723,345.022262,262.845727
50.088000,1.038718,340.916718,257.155971
50.096000,1.077391,335.868421,264.041119
50.104000,1.112891,332.350651,259.532305
50.112000,1.116114,340.059842,259.975920
50.120000,1.122559,340.738349,264.960804
50.128000,0.951604,337.776226,254.765199
50.136000,1.070945,340.561015,255.870121
50.144000,1.074168,339.071224,263.603742
50.152000,1.154836,335.362205,260.653287
50.160000,1.203227,338.761245,258.400698
50.168000,1.064500,341.960600,265.144744
50.176000,1.219341,336.021441,259.415416
50.184000,1.151614,337.770884,255.979757
50.192000,1.190336,340.154465,260.085873
50.200000,1.216118,335.409426,264.882318
50.208000,0.899991,333.280538,262.909358
50.216000,0.935491,339.108017,259.083960
50.224000,0.925772,336.903740,259.307178
50.232000,0.841932,337.847212,260.280621
50.240000,0.919327,339.843881,261.574160
50.248000,0.867713,337.706272,258.949100
50.256000,0.961273,340.631777,262.076302
50.264000,0.867713,333.639874,258.737712
50.272000,0.845154,334.623142,260.953257
50.280000,0.822545,339.726877,258.639292
50.288000,0.832264,334.117893,254.523309
50.296000,1.267732,337.415718,262.153725
50.304000,1.899986,335.424226,258.702231
50.312000,1.938709,330.812339,258.835605
50.320000,1.287068,334.207041,263.234299
50.328000,0.696759,335.476743,255.942805
50.336000,0.583864,335.655124,256.535731
50.344000,0.596754,333.783939,255.950777
50.352000,0.516136,332.224079,261.338086
50.360000,0.429023,337.442568,261.273681
50.368000,0.548363,337.696734,261.186571
50.376000,0.496750,327.550791,254.965302
50.384000,0.751595,334.270601,259.948554
50.392000,0.667704,334.411164,262.877934
50.400000,0.764486,333.091692,256.259565
50.408000,0.690314,331.516621,262.879079
50.416000,0.829041,337.421026,260.215032
50.424000,0.829041,337.642416,261.794642
50.432000,0.783873,333.397553,262.218522
50.440000,0.912882,336.789652,263.458797
50.448000,0.832264,331.445481,264.098857
50.456000,0.909659,332.757938,261.864964
50.464000,1.035496,333.070939,266.212218
50.472000,0.983882,337.308297,260.014306
50.480000,0.951604,331.662211,259.177010
50.488000,1.090332,330.656929,262.832914
50.496000,1.083886,335.043791,264.051339
50.504000,1.038718,338.282204,257.712423
50.512000,1.187114,328.211843,263.876407
50.520000,1.100000,335.517077,260.318741
50.528000,1.067723,333.945962,261.352146
50.536000,1.070945,335.000953,260.276871
50.544000,0.974163,335.134559,260.960466
50.552000,0.987105,332.474765,264.059827
50.560000,0.906436,332.256966,257.291910
50.568000,0.864491,338.052865,259.978783
50.576000,0.722591,332.188206,261.631510
50.584000,0.841932,340.145471,261.849026
50.592000,0.780650,333.057882,263.078462
50.600000,0.751595,332.881042,260.405551
50.608000,0.861268,337.823966,265.306333
50.616000,0.758041,333.359028,261.312203
50.624000,0.796764,335.592335,267.806247
50.632000,0.816100,338.061893,267.755554
50.640000,0.961273,338.554098,264.402272
50.648000,0.883877,338.356467,265.389478
50.656000,0.922550,333.628554,267.715579
50.664000,0.964495,342.461305,262.059480
50.672000,0.864491,333.957526,265.903370
50.680000,0.922550,333.091362,269.303571
50.688000,0.935491,334.790762,264.122248
50.696000,0.848377,334.837163,264.318407
50.704000,0.964495,335.339760,267.464994
50.712000,0.922550,338.502794,263.673156
50.720000,0.912882,340.529077,261.211492
50.728000,0.880655,335.675271,268.991223
50.736000,0.835486,330.350436,261.094792
50.744000,0.896768,334.750949,265.313180
50.752000,0.867713,338.355414,264.551365
50.760000,0.903214,333.220570,263.428286
50.768000,0.893545,337.628202,261.282220
50.776000,0.925772,334.931757,262.220080
50.784000,0.996773,341.721671,266.819755
50.792000,0.948382,330.768127,259.177439
50.800000,1.003218,337.244335,264.441897
50.808000,1.083886,341.090638,259.490998
50.816000,0.919327,337.360619,259.353557
50.824000,0.964495,338.858804,262.923079
50.832000,0.874159,336.901120,260.898713
50.840000,0.893545,339.123007,260.453137
50.848000,0.822545,342.657948,262.197486
50.856000,0.790318,341.953536,258.741647
50.864000,0.799986,335.573487,258.269440
50.872000,0.977386,338.130596,255.400254
50.880000,1.035496,334.413872,262.116156
50.888000,0.958050,341.515175,258.108899
50.896000,0.845154,336.567400,263.181505
50.904000,1.012886,342.652656,256.513399
50.912000,0.903214,338.464349,255.409034
50.920000,1.003218,339.392029,257.115922
50.928000,1.651637,332.593345,264.908261
50.936000,2.219387,334.747383,258.911610
50.944000,2.200000,340.383236,255.373458
50.952000,0.970941,335.441549,256.547302
50.960000,0.874159,332.877772,262.216522
50.968000,0.780650,332.893756,262.289018
50.976000,0.635477,339.690325,258.577764
50.984000,0.661259,335.195738,262.279860
50.992000,0.745150,337.169515,256.426589
51.000000,0.874159,338.507409,261.817664
51.008000,0.680645,331.940694,262.885408
51.016000,0.812877,334.767461,256.681341
51.024000,0.893545,333.440127,254.765754
51.032000,0.925772,331.461075,260.760625
51.040000,0.983882,327.866378,260.511338
51.048000,0.935491,331.913928,261.258899
51.056000,1.006441,330.663947,260.913517
51.064000,1.009664,338.035035,255.026047
51.072000,1.006441,337.188693,259.780639
51.080000,0.999995,332.020128,257.153013
51.088000,1.074168,331.090614,256.435347
51.096000,1.080613,333.703725,258.454541
51.104000,1.300009,335.372262,256.312006
51.112000,1.116114,336.027858,257.540691
51.120000,1.161282,328.358589,259.003485
51.128000,1.148391,329.219265,258.625503
51.136000,1.045164,327.699330,258.721396
51.144000,1.138723,337.631695,257.851361
51.152000,1.216118,332.757962,264.023313
51.160000,1.116114,330.475691,252.903770
51.168000,1.038718,332.994630,258.854711
51.176000,0.970941,337.993542,260.993948
51.184000,1.025777,332.931209,259.164848
51.192000,0.887100,334.375323,258.803064
51.200000,0.929046,333.098674,258.887889
51.208000,0.790318,330.233907,265.246501
51.216000,0.687091,330.858741,262.049825
51.224000,0.861268,332.826668,259.333216
51.232000,0.858045,334.501695,255.454480
51.240000,0.780650,325.844531,263.458847
51.248000,0.861268,330.656918,265.019805
51.256000,0.841932,334.117742,260.619012
51.264000,0.858045,330.560506,270.951549
51.272000,0.806432,334.619160,265.796825
51.280000,0.999995,333.603703,264.405434
51.288000,0.903214,332.535517,262.646120
51.296000,0.854823,331.087551,261.926828
51.304000,0.916104,337.418628,259.523327
51.312000,0.887100,330.070342,264.875181
51.320000,0.974163,334.683450,263.020631
51.328000,0.970941,339.833859,262.677415
51.336000,0.899991,333.971645,260.547045
51.344000,0.935491,332.475374,264.556004
51.352000,0.954827,339.593818,258.568847
51.360000,0.990327,332.016160,262.297998
51.368000,1.016109,336.099909,258.057625
51.376000,0.909659,334.134395,260.995423
51.384000,1.038718,335.743275,265.783795
51.392000,0.899991,337.924233,260.004965
51.400000,1.100000,336.968673,266.813861
51.408000,1.080613,337.437001,261.958868
51.416000,1.074168,334.842196,266.719042
51.424000,0.999995,335.990004,264.847338
51.432000,1.096777,340.919639,267.182716
51.440000,1.064500,333.272558,261.296416
51.448000,0.922550,336.481247,262.522783
51.456000,1.012886,334.120820,264.553619
51.464000,0.899991,337.017455,266.632696
51.472000,0.912882,335.245137,270.232411
51.480000,0.893545,335.951698,262.755240
51.488000,0.922550,337.223778,265.700929
51.496000,0.890323,337.336570,258.650100
51.504000,0.896768,337.625227,258.707168
51.512000,1.006441,330.881766,263.773505
51.520000,1.032273,334.436406,261.907528
51.528000,0.909659,328.160533,260.903327
51.536000,1.087109,334.342201,268.467413
51.544000,1.361291,339.708013,265.653884
51.552000,2.045159,333.398816,261.177095
51.560000,2.345173,345.374717,257.597465
51.568000,1.574191,337.117074,263.498500
51.576000,0.835486,341.609760,261.914136
51.584000,0.845154,338.488106,262.760910
51.592000,0.664482,336.661992,266.773422
51.600000,0.777427,338.936176,262.166814
51.608000,0.880655,341.884011,261.526686
51.616000,0.780650,339.627951,266.552762
51.624000,1.041941,339.710542,258.248344
51.632000,0.851600,338.217213,259.984806
51.640000,0.838709,336.710867,259.666797
51.648000,0.851600,342.305303,256.939451
51.656000,0.835486,341.040908,257.135628
51.664000,1.064500,342.944284,253.663702
51.672000,1.003218,335.459477,258.832691
51.680000,0.990327,337.900035,259.383694
51.688000,0.980659,336.953010,253.778284
51.696000,1.012886,337.779621,264.637423
51.704000,1.096777,339.200096,262.307316
51.712000,1.154836,331.830871,260.065718
51.720000,1.087109,341.733941,259.306401
51.728000,1.245173,337.634981,262.445153
51.736000,1.077391,333.976266,262.840301
51.744000,1.212895,336.796963,261.204770
51.752000,1.216118,335.790486,264.164667
51.760000,1.087109,336.140954,256.371017
51.768000,1.254841,335.110943,255.988811
51.776000,1.038718,333.973652,261.184418
51.784000,1.112891,329.281416,257.499314
51.792000,1.109668,333.525826,263.981472
51.800000,1.158059,330.166786,255.071940
51.808000,0.993550,341.060050,255.312848
51.816000,0.848377,333.562672,260.261299
51.824000,0.829041,329.625652,262.335515
51.832000,0.929046,332.873727,253.629200
51.840000,1.006441,332.312363,259.533548
51.848000,0.867713,329.747389,253.308956
51.856000,0.996773,329.983081,260.519866
51.864000,0.999995,332.334150,262.460759
51.872000,0.954827,334.495885,258.968130
51.880000,1.061277,334.527922,254.057163
51.888000,1.119336,331.452790,260.059165
51.896000,1.058054,333.920966,258.924354
51.904000,1.048386,335.907432,262.140989
51.912000,1.200005,336.522534,257.130925
51.920000,1.138723,329.114438,259.730760
51.928000,1.216118,339.803619,256.309284
51.936000,1.148391,336.455569,259.603887
51.944000,1.222564,333.468914,265.487509
51.952000,1.103223,331.441077,262.492284
51.960000,1.145168,333.424379,259.542688
51.968000,1.229009,331.893067,262.611785
51.976000,1.212895,335.723117,260.458665
51.984000,1.451627,330.088727,261.726961
51.992000,1.345177,336.012681,261.495979
52.000000,1.425795,334.484517,259.602058
52.008000,1.409682,329.456053,267.172172
52.016000,1.406459,331.421736,265.241227
52.024000,1.461295,331.516566,263.463817
52.032000,1.474186,334.432270,268.025702
52.040000,1.480632,333.614371,260.893014
52.048000,1.432241,332.067130,258.899332
52.056000,1.461295,337.702877,263.666410
52.064000,1.503241,329.214530,259.900983
52.072000,1.500018,328.260030,257.013023
52.080000,1.345177,334.510833,265.669972
52.088000,1.429018,333.316485,262.036907
52.096000,1.377404,335.583198,262.346225
52.104000,1.332236,337.433170,261.347843
52.112000,1.451627,332.002820,258.829817
52.120000,1.445182,337.611114,261.229166
52.128000,1.503241,330.854461,266.018151
52.136000,1.451627,336.377407,264.858914
52.144000,1.348400,340.952620,260.161976
52.152000,1.529023,340.068661,262.218426
52.160000,1.587082,336.434442,261.841956
52.168000,1.535468,343.025913,259.372998
52.176000,1.848373,337.184327,266.092146
52.184000,1.967764,342.189048,261.817894
52.192000,1.061277,336.491370,262.737145
52.200000,0.506418,333.850294,263.851938
52.208000,0.241904,338.302012,265.828800
52.216000,0.219345,332.413161,264.677040
52.224000,0.225791,328.523116,263.828216
52.232000,0.319350,336.676415,265.114504
52.240000,0.387077,334.748188,265.268541
52.248000,0.232236,336.131081,267.869735
52.256000,0.329018,339.190019,265.108052
52.264000,0.377409,338.918661,267.431256
52.272000,0.393523,339.071445,264.500135
52.280000,0.367741,331.962261,261.191225
52.288000,0.454804,336.639088,261.204963
52.296000,0.451582,337.926029,258.494527
52.304000,0.419355,336.990017,263.375574
52.312000,0.538695,336.195547,265.210814
52.320000,0.580641,337.366908,262.241543
52.328000,0.558032,341.110140,261.061613
52.336000,0.703204,337.700772,260.963100
52.344000,0.558032,339.758186,265.836867
52.352000,0.709650,334.835735,262.921460
52.360000,0.719318,335.001373,258.034231
52.368000,0.716095,339.603866,267.043842
52.376000,0.703204,340.154431,260.218388
52.384000,0.722591,342.589738,255.251240
52.392000,0.706427,340.698476,253.799598
52.400000,0.703204,337.770664,264.635274
52.408000,0.538695,337.396246,255.362338
52.416000,0.674200,340.838684,258.182748
52.424000,0.503195,339.051111,251.938579
52.432000,0.429023,331.068092,258.774644
52.440000,0.461250,334.391824,261.913252
52.448000,0.461250,336.604263,258.238712
52.456000,0.548363,339.537722,262.843407
52.464000,0.270959,334.819685,260.128106
52.472000,0.451582,336.626583,256.812009
52.480000,0.506418,334.100979,257.620697
52.488000,0.416132,335.877232,257.101350
52.496000,0.454804,333.581879,263.365171
52.504000,0.490304,337.106576,259.843097
52.512000,0.532250,337.373739,259.376547
52.520000,0.425800,332.470644,257.231182
52.528000,0.445136,338.085434,259.236552
52.536000,0.635477,330.244603,260.323232
52.544000,0.506418,335.612412,258.989819
52.552000,0.635477,337.695467,256.948032
52.560000,0.545141,334.367499,259.125602
52.568000,0.577418,336.199579,258.317424
52.576000,0.570973,333.153511,261.259040
52.584000,0.619364,333.581602,252.910402
52.592000,0.570973,329.983550,258.529358
52.600000,0.612868,334.683188,259.148559
52.608000,0.612868,333.199791,259.108677
52.616000,0.583864,334.118758,261.170328
52.624000,0.577418,332.193513,253.601330
52.632000,0.667704,334.523607,264.954487
52.640000,0.767709,335.584880,261.025194
52.648000,0.696759,337.290487,258.934520
52.656000,0.748373,331.666330,256.359879
52.664000,0.770932,333.378463,258.846415
52.672000,0.864491,334.075191,257.028827
52.680000,0.893545,334.278691,257.860542
52.688000,0.835486,335.462218,260.836728
52.696000,0.790318,327.876981,260.722888
52.704000,0.738705,333.098923,263.633805
52.712000,0.748373,327.733664,259.006256
52.720000,0.761263,333.237442,261.257747
52.728000,0.764486,338.483352,264.051811
52.736000,0.754818,323.904934,260.817597
52.744000,0.932268,331.080245,266.805716
52.752000,0.809654,334.699346,259.231649
52.760000,0.858045,333.021608,259.010108
52.768000,0.806432,337.018491,264.207310
52.776000,0.951604,330.853863,268.166994
52.784000,0.919327,328.152555,261.560765
52.792000,1.064500,329.472972,263.319927
52.800000,1.583859,333.283366,264.132569
52.808000,2.141941,338.872736,260.167234
52.816000,2.061273,337.793129,260.495857
52.824000,1.170950,331.303887,264.093057
52.832000,0.674200,334.035908,264.261473
52.840000,0.812877,330.907332,264.009387
52.848000,0.674200,338.099009,263.217200
52.856000,0.961273,340.750221,254.657765
52.864000,0.861268,334.009421,256.732130
52.872000,0.893545,336.975886,262.210572
52.880000,0.883877,332.247464,260.808038
52.888000,1.016109,343.183886,262.778305
52.896000,0.970941,336.745475,256.345346
52.904000,1.045164,333.666773,257.378370
52.912000,1.061277,336.743664,264.822764
52.920000,0.961273,334.015293,262.257019
52.928000,1.232232,336.221132,276.060977
52.936000,1.116114,341.148092,266.438827
52.944000,1.287068,337.774854,262.076284
52.952000,1.280623,335.753440,266.482229
52.960000,1.287068,335.869709,265.260209
52.968000,1.245173,336.550529,266.791367
52.976000,1.419350,338.366244,261.716813
52.984000,1.367736,337.324002,267.887881
52.992000,1.374182,337.154546,264.398876
53.000000,1.422573,332.456713,266.955328
53.008000,1.396791,333.721703,261.823741
53.016000,1.448405,333.717620,261.721085
53.024000,1.429018,338.551984,265.174204
53.032000,1.435463,335.887490,261.018985
53.040000,1.467741,329.554194,263.078976
53.048000,1.332236,337.424308,263.772760
53.056000,1.412905,340.370842,265.233605
53.064000,1.306455,338.878974,264.102259
53.072000,1.183841,338.072973,264.164063
53.080000,1.280623,340.767059,264.098885
53.088000,1.283845,336.548492,263.814488
53.096000,1.267732,337.633807,260.730035
53.104000,1.200005,341.576778,262.384042
53.112000,1.341955,341.219147,263.695378
53.120000,1.248396,339.260811,262.493089
53.128000,1.358068,339.485922,256.210748
53.136000,1.290341,338.084088,258.150626
53.144000,1.400014,339.927508,257.073016
53.152000,1.361291,342.317244,257.052604
53.160000,1.396791,332.822696,260.655495
53.168000,1.374182,336.657820,258.516759
53.176000,1.474186,337.863015,257.568262
53.184000,1.396791,332.375791,260.999746
53.192000,1.348400,337.369668,266.358852
53.200000,1.451627,337.679295,259.888094
53.208000,1.358068,335.402949,255.658610
53.216000,1.496796,338.824040,256.572797
53.224000,1.400014,337.496097,259.001451
53.232000,1.529023,335.976972,254.619526
53.240000,1.387073,336.479567,258.881608
53.248000,1.322568,335.298181,255.501051
53.256000,1.480632,333.397206,256.326823
53.264000,1.377404,338.712109,261.820062
53.272000,1.432241,333.582711,258.749141
53.280000,1.545136,335.402417,259.819973
53.288000,1.425795,329.812067,262.706321
53.296000,1.332236,326.783498,263.354487
53.304000,1.319345,331.575534,259.267886
53.312000,1.309677,334.395513,263.485132
53.320000,1.280623,331.803312,255.930596
53.328000,1.274177,331.942395,258.492381
53.336000,1.170950,329.574527,264.593337
53.344000,1.370959,327.404990,260.928922
53.352000,1.358068,333.575808,256.400107
53.360000,1.219341,336.402653,260.672581
53.368000,1.348400,327.381670,256.785929
53.376000,1.296786,338.662815,259.848195
53.384000,1.335459,331.587592,258.740324
53.392000,1.216118,327.836963,258.302657
53.400000,1.419350,334.860955,258.851371
53.408000,1.967764,335.568279,255.575524
53.416000,2.622577,332.312765,258.879120
53.424000,2.483900,330.814644,260.909221
53.432000,1.400014,329.847510,258.986632
53.440000,1.187114,330.125059,259.768095
53.448000,1.154836,334.695965,259.158196
53.456000,1.067723,331.989745,259.534817
53.464000,1.103223,331.372897,258.923532
53.472000,1.035496,330.931041,266.020018
53.480000,1.003218,329.928119,257.160388
53.488000,1.135500,330.338758,268.434775
53.496000,1.141946,336.907611,264.333138
53.504000,1.087109,333.762037,263.860186
53.512000,1.154836,332.320135,262.558736
53.520000,1.151614,335.180292,265.034429
53.528000,1.251618,331.385339,260.056306
53.536000,1.196782,331.746786,264.976912
53.544000,1.248396,331.521935,259.276654
53.552000,1.206450,331.731895,262.102189
53.560000,1.361291,330.946090,264.128120
53.568000,1.200005,329.654358,264.478907
53.576000,1.325791,332.244274,263.976817
53.584000,1.341955,334.887049,263.297910
53.592000,1.316123,336.627149,255.189409
53.600000,1.377404,331.635410,259.788219
53.608000,1.332236,333.414154,259.550385
53.616000,1.316123,331.778035,263.131064
53.624000,1.300009,343.422153,261.979504
53.632000,1.383850,340.178226,259.773759
53.640000,1.270954,334.264348,262.566820
53.648000,1.212895,328.816983,259.936741
53.656000,1.293564,333.148591,263.779420
53.664000,1.067723,337.308368,267.535931
53.672000,1.022554,335.970329,266.106351
53.680000,1.041941,337.399513,266.256728
53.688000,0.951604,339.117556,264.533896
53.696000,1.016109,335.784722,264.655719
53.704000,0.974163,333.133973,266.139339
53.712000,1.119336,335.404251,263.155936
53.720000,1.058054,336.952833,265.207391
53.728000,0.996773,331.246224,266.752930
53.736000,1.151614,332.943324,264.853248
53.744000,1.016109,334.544867,268.699016
53.752000,1.029000,336.707401,265.139452
53.760000,1.167727,339.297851,268.223306
53.768000,1.074168,338.290993,262.954154
53.776000,1.022554,336.861723,260.712398
53.784000,0.945159,337.363968,265.271450
53.792000,1.077391,332.956904,264.767746
53.800000,1.009664,334.689903,263.347929
53.808000,1.045164,334.554940,263.615545
53.816000,1.054832,334.983194,260.694702
53.824000,0.938714,335.758224,260.394726
53.832000,0.948382,337.558552,263.040111
53.840000,1.070945,343.017381,262.949232
53.848000,1.029000,334.381544,263.695555
53.856000,0.990327,336.310702,261.295030
53.864000,0.970941,344.895059,259.818095
53.872000,1.170950,341.920422,257.190317
53.880000,1.087109,341.131092,257.752080
53.888000,1.148391,336.948412,257.180064
53.896000,1.074168,341.900243,258.456284
53.904000,1.022554,336.356906,255.520676
53.912000,0.883877,342.150199,260.170464
53.920000,0.880655,332.375407,258.918221
53.928000,0.974163,337.624671,260.218828
53.936000,0.935491,335.925268,259.269490
53.944000,0.906436,339.897941,261.094271
53.952000,0.906436,332.094211,259.997316
53.960000,0.848377,330.165498,259.294149
53.968000,0.922550,339.656636,256.211715
53.976000,0.909659,334.337159,259.643351
53.984000,0.851600,332.492567,265.006667
53.992000,0.951604,337.779356,261.999293
54.000000,0.964495,334.479735,261.173359
54.008000,1.367736,338.860467,257.565581
54.016000,2.174218,336.830034,258.009102
54.024000,2.409677,340.465092,263.600895
54.032000,1.461295,335.238437,261.020432
54.040000,0.893545,340.279624,261.699943
54.048000,0.703204,335.641645,261.872683
54.056000,0.716095,331.127858,256.060906
54.064000,0.545141,329.913231,257.509821
54.072000,0.825818,333.317762,261.266074
54.080000,0.677423,325.619435,260.037582
54.088000,0.732259,335.022744,261.400501
54.096000,0.780650,334.618789,261.470767
54.104000,0.816100,330.515747,256.601221
54.112000,0.825818,327.766583,259.452839
54.120000,0.754818,337.129767,258.480076
54.128000,0.935491,332.607263,260.391997
54.136000,0.903214,334.385971,261.203667
54.144000,0.883877,332.920634,257.163686
54.152000,0.906436,330.140562,262.545496
54.160000,1.064500,342.580354,256.139836
54.168000,0.783873,332.747043,255.955868
54.176000,0.903214,334.668222,260.304585
54.184000,1.109668,339.273719,264.996551
54.192000,1.129004,332.594578,258.690749
54.200000,0.958050,339.091193,261.230250
54.208000,1.061277,333.448960,263.489051
54.216000,1.093555,331.551369,262.445362
54.224000,1.051609,329.747317,259.985767
54.232000,1.100000,327.695218,262.799501
54.240000,0.999995,333.836041,259.369420
54.248000,1.025777,338.614478,259.525039
54.256000,1.054832,336.387207,263.983911
54.264000,0.935491,331.970540,260.300763
54.272000,0.883877,330.426503,263.871014
54.280000,0.716095,333.248653,266.386986
54.288000,0.758041,330.857876,259.346088
54.296000,0.770932,336.894843,264.890992
54.304000,0.745150,329.883193,258.903316
54.312000,0.738705,334.302226,257.513286
54.320000,0.754818,330.993584,265.839322
54.328000,0.770932,331.045610,260.164576
54.336000,0.783873,332.347791,265.622390
54.344000,0.832264,331.663847,258.829065
54.352000,0.874159,333.561512,263.816945
54.360000,0.816100,334.147673,254.014277
54.368000,0.941936,335.950386,268.380948
54.376000,0.945159,344.408611,257.910586
54.384000,0.854823,336.280982,259.623054
54.392000,0.838709,332.938500,259.807403
54.400000,0.938714,336.555884,262.221070
54.408000,0.861268,339.674774,262.055061
54.416000,0.961273,335.730940,263.069154
54.424000,0.919327,339.051092,260.000303
54.432000,0.858045,335.791458,258.837843
54.440000,0.851600,336.042199,267.359922
54.448000,0.903214,339.125178,262.374288
54.456000,0.799986,331.955163,264.002771
54.464000,0.848377,337.162817,266.142670
54.472000,0.916104,336.894368,264.474650
54.480000,0.941936,337.750463,267.410857
54.488000,0.906436,334.249508,265.986741
54.496000,1.032273,336.390695,263.268766
54.504000,0.877432,335.309503,266.901633
54.512000,0.919327,332.737657,263.602126
54.520000,0.945159,335.632400,266.847161
54.528000,0.722591,337.074803,261.430623
54.536000,0.738705,335.729353,262.669126
54.544000,0.703204,334.044403,267.961403
54.552000,0.841932,336.610864,263.666051
54.560000,0.774205,335.000124,270.865296
54.568000,0.870936,339.346105,262.954578
54.576000,0.893545,342.133688,259.553945
54.584000,0.748373,339.758685,260.716639
54.592000,0.877432,335.558967,269.082934
54.600000,0.867713,335.897006,258.993516
54.608000,0.806432,335.292061,260.676277
54.616000,1.141946,337.022406,260.379431
54.624000,1.745145,335.678882,257.215755
54.632000,2.370954,343.414413,258.913357
54.640000,1.690309,336.583690,260.714556
54.648000,0.858045,336.898363,261.491785
54.656000,0.729036,336.844544,260.377406
54.664000,0.641923,335.336684,255.607731
54.672000,0.664482,341.869068,255.529718
54.680000,0.683868,336.961434,257.265019
54.688000,0.590309,333.319338,256.864766
54.696000,0.874159,339.298073,255.437270
54.704000,0.664482,335.627550,263.622888
54.712000,0.712873,342.692337,253.355381
54.720000,0.809654,342.099120,255.472308
54.728000,0.748373,335.680295,263.345824
54.736000,0.777427,330.932134,258.679690
54.744000,0.832264,338.195898,258.414222
54.752000,0.858045,334.176663,255.860861
54.760000,0.899991,342.639249,260.776867
54.768000,0.903214,337.895335,257.433241
54.776000,0.919327,335.157296,261.968102
54.784000,0.977386,334.487115,263.516168
54.792000,1.122559,329.076423,260.270812
54.800000,1.038718,329.942229,256.357547
54.808000,1.035496,338.024872,254.426211
54.816000,1.058054,338.054735,260.964580
54.824000,1.032273,332.192229,253.245856
54.832000,1.041941,335.009961,265.581203
54.840000,0.996773,335.169805,254.228300
54.848000,1.064500,327.602040,260.519202
54.856000,1.016109,330.625342,262.922479
54.864000,0.870936,333.257253,260.984227
54.872000,0.925772,339.491597,258.352573
54.880000,0.932268,336.824743,257.255958
54.888000,0.819322,328.908415,261.326233
54.896000,0.883877,335.740959,258.672480
54.904000,0.670977,334.077164,260.916500
54.912000,0.854823,331.179105,258.026261
54.920000,0.751595,334.004272,257.344609
54.928000,0.725814,337.584263,261.265692
54.936000,0.880655,332.852786,258.572395
54.944000,0.851600,334.244238,260.717992
54.952000,0.974163,331.098298,256.573305
54.960000,0.838709,330.262247,260.728501
54.968000,0.870936,328.041788,264.038828
54.976000,0.790318,336.120391,259.150725
54.984000,0.919327,334.931951,261.753914
54.992000,0.916104,338.422368,263.576753
55.000000,0.980659,332.062896,265.994984
55.008000,0.858045,334.803455,263.915232
55.016000,0.935491,336.948410,259.145985
55.024000,0.922550,331.664181,264.148101
55.032000,0.935491,339.167200,264.207436
55.040000,0.932268,325.630459,262.634020
55.048000,0.935491,338.298403,263.181423
55.056000,0.870936,329.250490,262.911730
55.064000,0.899991,337.727969,261.702113
55.072000,0.858045,335.419913,261.842924
55.080000,0.861268,331.808885,260.085403
55.088000,0.922550,328.020712,265.511975
55.096000,1.009664,332.818341,261.294754
55.104000,0.999995,328.589651,264.060114
55.112000,1.067723,334.549923,260.214672
55.120000,0.999995,333.100679,259.813893
55.128000,1.003218,332.390368,261.134653
55.136000,1.064500,336.164953,261.324780
55.144000,0.945159,336.897323,262.347208
55.152000,0.945159,344.612230,260.631734
55.160000,0.870936,336.324968,262.653233
55.168000,0.938714,337.208690,260.518360
55.176000,0.858045,334.521897,270.670929
55.184000,0.841932,336.989743,267.105290
55.192000,0.816100,338.810205,264.608317
55.200000,0.964495,336.356721,267.607932
55.208000,0.877432,332.516309,262.524460
55.216000,0.922550,330.964537,266.806649
55.224000,0.893545,336.942328,264.153833
55.232000,0.993550,339.623555,266.286891
55.240000,0.861268,336.455721,264.048203
55.248000,1.306455,336.905173,268.592478
55.256000,2.025823,338.395197,266.280575
55.264000,2.245168,329.854422,270.587876
55.272000,1.374182,333.369292,259.543963
55.280000,0.770932,338.282840,263.114983
55.288000,0.764486,335.721247,262.963567
55.296000,0.622586,335.254581,265.820538
55.304000,0.635477,331.358221,264.995183
55.312000,0.722591,333.319763,266.022930
55.320000,0.706427,334.772295,269.660522
55.328000,0.703204,331.917285,266.849200
55.336000,0.812877,329.780491,257.991253
55.344000,0.745150,337.399634,267.404982
55.352000,0.919327,335.608171,261.908682
55.360000,0.893545,338.284885,263.953146
55.368000,0.816100,338.354423,260.354086
55.376000,0.941936,336.151677,264.618174
55.384000,0.970941,338.983296,263.573056
55.392000,1.083886,338.208272,264.126267
55.400000,0.980659,338.773809,259.208364
55.408000,1.009664,339.652658,256.059842
55.416000,1.096777,330.657421,259.563220
55.424000,1.070945,334.293220,259.240432
55.432000,1.219341,337.213320,258.666974
55.440000,1.180618,337.757419,255.924486
55.448000,1.167727,331.777398,254.498452
55.456000,1.125782,338.817741,259.568935
55.464000,1.087109,337.746386,256.812357
55.472000,1.232232,338.908623,266.011435
55.480000,1.070945,338.736451,263.773199
55.488000,1.177395,338.101361,256.870386
55.496000,0.951604,334.441221,258.315377
55.504000,1.006441,336.561978,256.367848
55.512000,0.977386,340.190766,257.139048
55.520000,0.916104,334.260715,259.057969
55.528000,0.822545,332.348451,265.620419
55.536000,0.858045,339.280039,263.110385
55.544000,0.790318,337.728481,263.585129
55.552000,0.887100,338.541710,257.732935
55.560000,0.919327,334.379878,258.709606
55.568000,0.948382,337.519891,263.903826
55.576000,0.967718,331.472359,255.207430
55.584000,0.935491,330.348441,258.348805
55.592000,0.903214,329.927319,265.651174
55.600000,0.903214,335.287918,262.397280
55.608000,0.890323,338.055724,262.720253
55.616000,1.067723,334.293389,266.223107
55.624000,0.993550,332.630124,256.138150
55.632000,0.948382,333.844441,259.689033
55.640000,1.058054,331.131715,258.063044
55.648000,1.019332,335.545624,257.711843
55.656000,0.858045,334.966599,254.425859
55.664000,0.951604,336.698790,256.573984
55.672000,0.899991,333.663531,259.854807
55.680000,1.048386,333.610326,255.156782
55.688000,1.051609,331.364602,259.910627
55.696000,0.899991,335.429244,262.786758
55.704000,0.951604,336.227116,251.091746
55.712000,0.970941,335.270353,260.114987
55.720000,0.919327,329.794287,262.558657
55.728000,0.983882,333.558105,258.932372
55.736000,1.041941,333.226969,260.701994
55.744000,0.964495,331.506603,261.336992
55.752000,1.009664,335.040309,259.460189
55.760000,1.087109,333.359922,256.308890
55.768000,1.122559,336.232893,261.114658
55.776000,1.067723,333.323228,259.447241
55.784000,1.019332,337.618707,263.128705
55.792000,0.951604,333.389161,261.836273
55.800000,0.916104,327.908597,259.000978
55.808000,0.935491,331.602558,266.288745
55.816000,0.887100,334.006286,266.526225
55.824000,0.790318,326.427112,263.040753
55.832000,0.938714,334.812215,260.096312
55.840000,0.996773,328.500404,263.001545
55.848000,0.999995,331.246118,258.177086
55.856000,1.032273,334.395237,258.941811
55.864000,0.980659,338.833007,262.098709
55.872000,0.893545,331.846777,262.196801
55.880000,0.974163,337.354018,261.073008
55.888000,1.245173,330.480988,262.377941
55.896000,1.941932,332.235346,258.179428
55.904000,2.245168,339.313474,260.808165
55.912000,1.629027,334.229434,262.317638
55.920000,0.870936,331.268878,257.762688
55.928000,0.816100,339.917990,259.395197
55.936000,0.812877,337.709207,258.709169
55.944000,0.716095,340.668328,259.974481
55.952000,0.832264,337.593313,261.101181
55.960000,0.790318,338.583519,266.640587
55.968000,0.758041,338.921126,261.656757
55.976000,0.854823,341.021928,260.918685
55.984000,0.870936,335.700909,261.884334
55.992000,0.893545,331.967013,265.004724
56.000000,0.851600,329.217169,260.852576
56.008000,0.816100,337.787752,264.685993
56.016000,0.899991,333.781741,266.764188
56.024000,1.077391,333.802138,264.362610
56.032000,1.016109,335.840417,264.940392
56.040000,1.003218,339.289044,263.114466
56.048000,1.048386,340.114909,260.255309
56.056000,1.096777,339.033886,266.796763
56.064000,1.022554,334.571998,258.493569
56.072000,1.167727,328.594591,262.767140
56.080000,1.064500,339.871148,264.948955
56.088000,1.093555,334.582245,259.251927
56.096000,1.151614,338.288211,264.545368
56.104000,1.258064,339.019612,260.265285
56.112000,1.087109,335.916483,266.566628
56.120000,1.161282,337.946034,262.518363
56.128000,1.096777,339.023451,262.547794
56.136000,1.012886,336.744790,261.617005
56.144000,0.912882,338.238108,259.579775
56.152000,0.980659,341.430798,262.213290
56.160000,0.877432,334.192441,259.132251
56.168000,0.896768,339.129227,259.740389
56.176000,0.829041,343.080987,257.866560
56.184000,0.787095,340.035159,262.696826
56.192000,0.848377,335.261291,257.781122
56.200000,0.958050,338.129558,258.727803
56.208000,0.890323,334.805527,258.922023
56.216000,0.961273,339.946483,261.859332
56.224000,0.848377,339.259621,256.929780
56.232000,0.945159,339.275341,258.005641
56.240000,0.887100,337.501152,262.475528
56.248000,1.032273,337.039285,259.440740
56.256000,0.877432,342.162967,261.432461
56.264000,0.932268,336.795576,257.375113
56.272000,1.012886,332.148451,258.344466
56.280000,0.906436,338.991936,260.842118
56.288000,1.012886,334.220444,257.205725
56.296000,0.887100,340.210891,262.280676
56.304000,0.912882,338.170174,254.495545
56.312000,0.945159,330.473024,263.335677
56.320000,0.880655,336.957455,257.880791
56.328000,0.899991,334.106594,259.454246
56.336000,1.019332,332.830171,261.309383
56.344000,0.848377,338.371030,260.962786
56.352000,1.038718,327.404391,257.222407
56.360000,1.035496,332.373008,257.923509
56.368000,1.009664,339.030945,259.598486
56.376000,1.106445,326.748236,262.458102
56.384000,1.080613,331.617471,256.049045
56.392000,1.158059,334.322477,258.967276
56.400000,1.100000,335.153845,258.402202
56.408000,1.070945,331.299500,261.334325
56.416000,0.932268,329.371376,262.692820
56.424000,0.945159,335.615229,260.625510
56.432000,0.990327,328.892361,259.111812
56.440000,0.945159,330.979478,259.944707
56.448000,0.829041,329.737230,262.243580
56.456000,0.835486,338.639941,256.403288
56.464000,1.012886,338.738485,257.455815
56.472000,1.003218,335.674829,258.345343
56.480000,0.935491,336.608723,257.359335
56.488000,1.080613,335.154022,259.271373
56.496000,0.841932,334.394945,262.464525
56.504000,1.245173,332.346983,263.064971
56.512000,1.677418,338.834470,263.108472
56.520000,2.306450,330.126790,258.373804
56.528000,2.312895,334.076146,265.878873
56.536000,1.035496,334.267055,265.078810
56.544000,0.658036,331.477361,260.630181
56.552000,0.764486,329.638104,260.277440
56.560000,0.635477,330.983679,258.785800
56.568000,0.819322,336.535317,261.557707
56.576000,0.758041,338.491938,265.316726
56.584000,0.787095,331.576362,267.595043
56.592000,0.841932,333.138598,266.745901
56.600000,0.774205,327.139544,265.594422
56.608000,0.883877,337.790507,260.479808
56.616000,0.841932,333.613743,263.855536
56.624000,0.877432,331.028908,262.215799
56.632000,1.048386,333.125245,262.078675
56.640000,0.945159,328.701741,264.384723
56.648000,0.961273,337.661952,262.764950
56.656000,1.070945,338.209667,260.742731
56.664000,0.999995,335.731190,258.297763
56.672000,0.993550,332.833057,259.310838
56.680000,1.090332,335.960046,260.462859
56.688000,1.116114,338.142536,266.111450
56.696000,1.125782,332.924570,261.445150
56.704000,1.080613,338.609452,264.952301
56.712000,1.167727,331.790198,267.087695
56.720000,1.177395,336.785830,262.258795
56.728000,1.216118,332.351856,262.146425
56.736000,1.025777,329.538117,268.534051
56.744000,1.109668,334.393574,258.027511
56.752000,1.074168,332.811486,263.887438
56.760000,1.019332,341.174802,264.749334
56.768000,0.958050,336.737627,262.947030
56.776000,0.841932,339.459663,263.667871
56.784000,0.945159,335.305372,263.183716
56.792000,0.848377,336.482722,261.142400
56.800000,0.848377,330.642267,259.350667
56.808000,0.870936,330.728828,264.584860
56.816000,0.887100,335.381121,265.968458
56.824000,0.838709,331.643830,264.655100
56.832000,1.064500,332.013184,270.167091
56.840000,0.909659,335.879357,259.335830
56.848000,0.996773,330.292160,261.858022
56.856000,0.909659,338.577669,263.582547
56.864000,1.054832,333.076609,266.616389
56.872000,0.919327,336.798242,265.811988
56.880000,0.990327,332.137496,263.003117
56.888000,0.932268,336.263513,266.200530
56.896000,1.009664,339.052527,265.731846
56.904000,0.874159,339.318590,262.247788
56.912000,1.003218,335.858453,266.799071
56.920000,1.025777,339.285744,257.768646
56.928000,1.006441,338.924063,260.985343
56.936000,0.996773,338.384232,262.117790
56.944000,1.003218,340.704965,259.359397
56.952000,0.996773,341.561256,262.880712
56.960000,0.961273,341.474077,258.779876
56.968000,0.903214,333.272881,258.036166
56.976000,1.006441,341.610944,260.137486
56.984000,1.048386,336.865952,259.205627
56.992000,0.990327,337.996396,258.159959
57.000000,0.951604,333.602458,260.130693
57.008000,1.051609,331.189963,257.241257
57.016000,1.083886,336.181162,257.691395
57.024000,1.067723,337.384326,261.584639
57.032000,0.983882,335.764615,258.680999
57.040000,0.887100,334.853039,263.672672
57.048000,0.961273,336.347009,258.259172
57.056000,0.870936,335.846721,256.105765
57.064000,0.770932,338.823513,261.771954
57.072000,0.961273,333.149422,263.750707
57.080000,0.890323,338.341230,262.795176
57.088000,1.045164,334.750947,264.781261
57.096000,1.070945,330.935937,258.773659
57.104000,1.158059,330.530485,262.823114
57.112000,1.061277,337.753769,261.570915
57.120000,1.209673,330.729542,258.291030
57.128000,1.403236,337.401403,260.373142
57.136000,2.132273,327.996531,259.720047
57.144000,2.622577,339.404197,262.513728
57.152000,1.609691,335.065908,260.149758
57.160000,0.887100,329.452681,259.558623
57.168000,0.632255,338.384389,261.016446
57.176000,0.693536,335.357814,261.018387
57.184000,0.706427,330.633318,260.884925
57.192000,0.712873,332.591113,261.009547
57.200000,0.706427,336.762240,260.128161
57.208000,1.064500,332.262062,256.657037
57.216000,1.348400,330.703749,256.396165
57.224000,1.251618,331.366860,259.791218
57.232000,1.325791,333.441047,256.291215
57.240000,1.193559,331.957829,260.715257
57.248000,1.103223,336.454413,253.423382
57.256000,0.996773,334.947061,259.971353
57.264000,0.938714,333.630074,258.852713
57.272000,1.087109,333.562469,261.526730
57.280000,0.867713,329.676560,261.089810
57.288000,0.990327,330.684744,262.024398
57.296000,0.941936,333.903894,261.034183
57.304000,0.990327,331.659055,256.763061
57.312000,0.703204,335.351730,261.458352
57.320000,0.977386,333.749469,265.353760
57.328000,1.012886,335.289198,263.826058
57.336000,0.887100,330.816062,263.960818
57.344000,0.925772,329.644309,256.673522
57.352000,1.090332,332.625323,261.309101
57.360000,0.993550,328.777339,261.073124
57.368000,0.909659,333.386476,265.312632
57.376000,0.919327,336.876499,260.082970
57.384000,0.951604,335.257240,267.971662
57.392000,0.938714,334.773849,266.232295
57.400000,0.870936,336.021636,259.592217
57.408000,0.764486,330.459654,259.936390
57.416000,0.851600,334.085933,259.526944
57.424000,0.651591,332.715949,257.699032
57.432000,0.812877,332.547897,258.216211
57.440000,0.938714,340.672112,263.327020
57.448000,0.890323,332.573883,257.886860
57.456000,0.896768,340.686616,261.729667
57.464000,0.948382,334.527101,265.378596
57.472000,0.883877,332.430391,264.342292
57.480000,0.996773,333.783147,259.649805
57.488000,0.945159,333.556198,260.570466
57.496000,0.945159,336.139219,262.465652
57.504000,0.912882,334.346905,259.797217
57.512000,0.977386,331.368642,262.027369
57.520000,1.029000,332.438486,260.659312
57.528000,1.080613,329.435811,264.038624
57.536000,0.970941,333.639830,265.865192
57.544000,0.999995,335.607741,260.881732
57.552000,0.999995,331.689980,265.805715
57.560000,0.890323,331.564789,263.667665
57.568000,1.003218,333.176160,267.488061
57.576000,1.022554,332.180218,264.409774
57.584000,1.019332,336.328771,257.378577
57.592000,0.970941,337.333840,265.495872
57.600000,1.038718,336.387580,263.865287
57.608000,0.987105,336.556745,265.371702
57.616000,0.987105,334.502826,257.734064
57.624000,1.119336,331.100154,264.343611
57.632000,1.122559,334.604020,260.460874
57.640000,1.032273,334.376847,258.662776
57.648000,1.116114,332.535002,263.938386
57.656000,1.077391,331.863057,262.977943
57.664000,1.074168,340.282222,264.224127
57.672000,0.974163,340.289069,256.799897
57.680000,0.987105,333.764193,259.193583
57.688000,0.948382,335.354587,260.342565
57.696000,0.987105,342.816750,263.467477
57.704000,0.887100,335.724953,261.980711
57.712000,0.967718,337.371391,255.836863
57.720000,1.045164,336.889396,258.088195
57.728000,1.106445,338.503946,257.310019
57.736000,0.912882,338.624374,259.074026
57.744000,1.051609,338.741649,260.158913
57.752000,0.896768,342.655165,266.102096
57.760000,1.058054,332.274159,260.065418
57.768000,1.348400,334.396549,262.040427
57.776000,2.003214,339.160025,257.252844
57.784000,2.522573,339.850290,256.869824
57.792000,1.751591,341.219183,262.980728
57.800000,0.983882,338.817969,262.627392
57.808000,0.761263,335.136240,254.452199
57.816000,0.758041,335.685960,260.500077
57.824000,0.716095,331.454350,260.848500
57.832000,0.880655,332.930830,256.345772
57.840000,0.706427,339.716155,258.602494
57.848000,0.899991,336.262644,256.715324
57.856000,0.874159,327.136989,263.505956
57.864000,0.864491,333.115088,259.832045
57.872000,0.870936,335.093846,256.611512
57.880000,0.880655,330.746740,255.450635
57.888000,0.945159,331.070404,257.012866
57.896000,0.883877,332.390154,255.567348
57.904000,0.999995,332.781209,257.085453
57.912000,1.164504,333.470733,261.640783
57.920000,0.958050,338.558483,256.775301
57.928000,1.129004,332.095053,260.593785
57.936000,1.119336,332.334912,256.099907
57.944000,1.164504,331.882988,260.802697
57.952000,1.109668,335.082278,259.700491
57.960000,1.222564,326.086027,259.067812
57.968000,1.229009,330.702324,258.779119
57.976000,1.154836,331.771954,253.994045
57.984000,1.209673,332.554574,261.942156
57.992000,1.151614,340.455669,259.289791
58.000000,1.138723,333.112788,263.015877
58.008000,1.119336,336.180631,261.488213
58.016000,1.051609,332.003534,255.450740
58.024000,1.006441,337.877888,255.980441
58.032000,1.032273,330.841307,259.084201
58.040000,0.990327,338.862848,259.802170
58.048000,0.864491,329.000224,259.778979
58.056000,0.951604,333.568514,263.725668
58.064000,0.867713,333.424367,268.552896
58.072000,0.993550,331.327886,256.851767
58.080000,0.848377,336.099273,259.511046
58.088000,1.019332,331.230372,264.249993
58.096000,0.812877,329.324071,261.856613
58.104000,0.961273,328.232258,260.144953
58.112000,0.958050,334.348532,264.903350
58.120000,0.974163,325.595663,263.033869
58.128000,0.993550,336.044392,258.288019
58.136000,0.948382,333.311894,262.695017
58.144000,1.022554,325.140382,260.846419
58.152000,0.970941,327.969908,260.534050
58.160000,0.825818,334.721983,266.878383
58.168000,1.109668,328.765621,261.869265
58.176000,0.980659,333.997108,257.297655
58.184000,0.916104,331.358542,261.189875
58.192000,1.096777,334.064711,262.444708
58.200000,0.961273,331.681551,265.451873
58.208000,1.025777,331.144403,259.623529
58.216000,0.990327,342.400678,258.622406
58.224000,0.925772,334.095506,266.356632
58.232000,1.064500,333.170969,262.378213
58.240000,0.912882,338.111923,263.507183
58.248000,1.016109,337.196067,264.334921
58.256000,0.941936,336.220125,258.875535
58.264000,1.003218,332.054478,265.379946
58.272000,0.996773,340.174792,263.263285
58.280000,1.022554,337.818402,264.356234
58.288000,1.145168,336.334762,267.995666
58.296000,1.035496,338.998556,266.516199
58.304000,1.070945,337.298074,261.750724
58.312000,1.019332,333.079926,264.060321
58.320000,1.009664,328.831942,267.700940
58.328000,1.122559,338.327366,265.939051
58.336000,1.080613,338.142294,264.480875
58.344000,0.916104,333.846916,262.261913
58.352000,0.870936,336.795090,261.712830
58.360000,1.067723,330.728956,263.457402
58.368000,0.964495,338.832893,264.458538
58.376000,0.941936,336.504519,263.178848
58.384000,0.996773,334.592728,268.609675
58.392000,1.051609,337.714035,265.535233
58.400000,1.119336,337.139318,262.843450
58.408000,1.087109,338.930462,257.373525
58.416000,1.003218,339.517092,262.654454
58.424000,1.051609,341.922400,261.091123
58.432000,1.048386,334.926801,264.646674
58.440000,1.138723,340.168732,265.639428
58.448000,1.658082,340.479008,263.973499
58.456000,2.345173,341.108699,259.927979
58.464000,2.338727,344.542033,262.131018
58.472000,1.364514,336.929035,263.594315
58.480000,0.870936,335.809903,264.197193
58.488000,0.874159,338.803747,263.235926
58.496000,0.806432,337.898462,256.287493
58.504000,0.851600,338.903314,253.828121
58.512000,0.867713,334.460801,262.545975
58.520000,0.919327,335.949606,261.684409
58.528000,1.067723,338.973562,261.092991
58.536000,1.064500,339.873818,256.324367
58.544000,1.077391,338.733833,256.907003
58.552000,1.058054,337.257717,260.565707
58.560000,1.277400,338.580757,262.312537
58.568000,1.370959,334.898492,259.607825
58.576000,1.445182,338.944372,266.295425
58.584000,1.538691,342.138948,256.501389
58.592000,1.532245,335.125142,260.910045
58.600000,1.867759,337.159060,259.341938
58.608000,2.038714,332.124716,262.158152
58.616000,2.370954,329.888131,256.463774
58.624000,2.332282,337.685174,264.668752
58.632000,2.409677,338.837288,258.785122
58.640000,2.219387,331.613087,265.426663
58.648000,2.119382,331.289282,255.749880
58.656000,1.564523,330.969055,257.534559
58.664000,1.280623,331.092024,258.065199
58.672000,0.974163,329.768492,263.932891
58.680000,0.848377,333.570001,256.249095
58.688000,0.735482,330.526600,254.482258
58.696000,0.658036,331.446191,263.594507
58.704000,0.448359,334.566491,260.265581
58.712000,0.516136,331.696611,261.132420
58.720000,0.393523,337.102161,263.016646
58.728000,0.464523,331.691508,253.037627
58.736000,0.338686,327.394000,256.895023
58.744000,0.438691,330.433974,260.131970
58.752000,0.390300,334.261878,260.369055
58.760000,0.393523,334.643173,261.650049
58.768000,0.522582,340.628406,258.509531
58.776000,0.596754,336.661247,257.563587
58.784000,0.532250,330.168034,262.564757
58.792000,0.648368,332.501589,262.547795
58.800000,0.554809,334.466569,263.926226
58.808000,0.674200,334.068275,251.944237
58.816000,0.667704,331.083050,260.431799
58.824000,0.751595,335.618287,262.019698
58.832000,0.654813,334.173727,262.848550
58.840000,0.719318,335.350293,266.065494
58.848000,0.754818,334.769489,263.757710
58.856000,0.661259,332.890015,257.617292
58.864000,0.896768,332.401233,263.504290
58.872000,0.735482,335.121722,264.527679
58.880000,0.803209,336.792242,264.509498
58.888000,0.745150,331.716517,263.310564
58.896000,0.999995,335.610975,257.914782
58.904000,0.925772,333.250186,260.331322
58.912000,0.787095,335.002128,255.353413
58.920000,0.854823,332.641259,264.584223
58.928000,0.945159,334.073736,259.670017
58.936000,0.806432,333.056455,258.361343
58.944000,0.954827,332.796802,262.593196
58.952000,0.858045,333.580226,258.942794
58.960000,0.883877,337.582825,263.174282
58.968000,0.948382,332.907839,260.954965
58.976000,1.016109,335.840033,264.324745
58.984000,0.999995,340.037389,260.107117
58.992000,0.990327,334.026713,259.189305
59.000000,1.032273,330.062220,258.699377
59.008000,1.045164,335.406760,262.448852
59.016000,1.064500,337.064467,265.035881
59.024000,1.035496,339.696665,266.794214
59.032000,1.019332,336.739213,266.475076
59.040000,0.841932,333.183594,263.575902
59.048000,0.996773,338.879445,265.965166
59.056000,0.919327,336.548194,264.211185
59.064000,0.806432,331.639138,268.433456
59.072000,0.958050,335.278940,262.618327
59.080000,1.006441,330.894350,268.007450
59.088000,0.996773,339.461105,266.261810
59.096000,0.935491,335.373495,264.365350
59.104000,1.035496,330.988220,261.830408
59.112000,0.922550,342.966793,268.806428
59.120000,0.983882,336.450332,263.230570
59.128000,1.158059,334.875195,263.562898
59.136000,1.667750,337.204377,266.687712
59.144000,2.164500,335.118432,259.599741
59.152000,2.045159,336.053307,265.673154
59.160000,1.132227,338.048761,264.948713
59.168000,0.861268,329.325814,262.794065
59.176000,0.758041,336.932286,265.539547
59.184000,0.809654,337.756513,266.403295
59.192000,0.867713,338.815151,256.867530
59.200000,0.799986,338.861669,258.914918
59.208000,0.803209,336.178319,263.346127
59.216000,0.899991,332.707572,263.772234
59.224000,0.951604,334.997652,257.335066
59.232000,0.929046,341.590764,262.440990
59.240000,0.874159,339.367443,252.624392
59.248000,0.983882,340.521089,262.528853
59.256000,0.970941,339.824777,258.003094
59.264000,1.012886,334.597726,257.703788
59.272000,1.006441,343.031137,261.541303
59.280000,1.083886,334.462702,258.754489
59.288000,1.048386,339.530467,255.547160
59.296000,1.064500,343.548689,253.767785
59.304000,1.100000,332.202540,259.604523
59.312000,1.161282,339.485065,263.829214
59.320000,1.090332,336.588852,258.674628
59.328000,1.138723,334.946256,257.216810
59.336000,1.158059,340.919934,254.764201
59.344000,1.145168,337.855101,258.927800
59.352000,1.141946,336.209768,260.906787
59.360000,1.229009,337.801964,257.255499
59.368000,1.112891,339.393402,259.612747
59.376000,1.058054,333.044847,257.471195
59.384000,1.054832,330.540832,259.097427
59.392000,1.100000,331.716886,260.128796
59.400000,0.961273,335.679970,260.196983
59.408000,0.816100,329.499279,256.743814
59.416000,1.022554,332.815681,259.433450
59.424000,1.012886,337.808990,254.863344
59.432000,0.829041,337.062145,256.054525
59.440000,0.970941,332.109270,248.728690
59.448000,0.958050,331.983028,253.140369
59.456000,0.945159,329.500453,260.432081
59.464000,1.022554,331.123442,259.823818
59.472000,1.009664,333.526293,255.775040
59.480000,0.990327,334.556321,256.328935
59.488000,0.977386,337.092760,262.262572
59.496000,1.064500,337.256450,259.587680
59.504000,0.990327,330.514644,261.135596
59.512000,0.990327,331.203093,263.834994
59.520000,1.035496,337.191841,258.724156
59.528000,1.090332,334.281210,260.836535
59.536000,1.087109,332.398158,266.415742
59.544000,1.061277,334.541267,264.160818
59.552000,0.954827,329.732936,260.334191
59.560000,0.977386,337.349896,262.748071
59.568000,1.006441,331.177703,263.043564
59.576000,0.964495,335.902214,255.640562
59.584000,1.074168,334.224736,264.891967
59.592000,0.932268,337.318234,262.503738
59.600000,0.974163,330.119447,258.273334
59.608000,0.954827,335.023439,262.342095
59.616000,1.038718,333.067992,260.746056
59.624000,1.125782,332.216205,259.919768
59.632000,1.038718,332.645118,265.414893
59.640000,1.090332,334.565792,262.095450
59.648000,1.009664,333.799585,264.085856
59.656000,1.051609,331.532342,261.703938
59.664000,1.203227,333.693169,254.218885
59.672000,1.029000,329.783239,260.628186
59.680000,1.119336,333.927602,265.299932
59.688000,0.964495,331.394066,260.685875
59.696000,0.925772,334.756264,264.157888
59.704000,0.987105,333.090065,264.559274
59.712000,0.961273,334.179721,260.959945
59.720000,1.048386,332.910483,261.230346
59.728000,1.035496,330.721342,261.397908
59.736000,0.987105,333.718662,262.063208
59.744000,0.909659,340.712010,263.106831
59.752000,1.016109,339.600092,262.065673
59.760000,1.077391,331.880991,256.060211
59.768000,0.909659,337.599215,262.972047
59.776000,1.048386,337.659575,264.748449
59.784000,1.451627,332.303703,262.918573
59.792000,2.183886,339.192967,263.685949
59.800000,2.380673,336.972417,264.280065
59.808000,1.358068,335.227742,266.469075
59.816000,0.848377,336.326508,266.123066
59.824000,0.841932,338.148781,263.383480
59.832000,0.619364,335.512804,267.848856
59.840000,0.725814,335.282980,270.986400
59.848000,0.777427,337.115994,262.745021
59.856000,0.848377,339.090323,263.376090
59.864000,0.851600,332.315221,269.742765
59.872000,0.774205,339.155954,266.678683
59.880000,0.883877,335.849218,262.820292
59.888000,0.880655,331.874773,262.486857
59.896000,0.990327,329.019175,263.855421
59.904000,1.038718,342.737089,259.336504
59.912000,0.980659,333.428945,260.344361
59.920000,0.967718,336.369425,263.622328
59.928000,0.964495,330.556752,262.851628
59.936000,1.067723,330.726485,260.814224
59.944000,1.248396,342.609493,264.741073
59.952000,0.993550,332.542669,265.606717
59.960000,1.045164,338.721377,265.890744
59.968000,1.248396,340.189123,261.783094
59.976000,1.129004,332.590264,261.939660
59.984000,1.154836,337.383258,260.579464
59.992000,1.167727,341.204052,258.714949
